longitude,latitude,altitude
14.420871,41.968438,702.7
14.420907,41.968394,702.0
14.421044,41.968319,701.3
14.421091,41.968275,700.5
14.421117,41.968219,699.7
14.421114,41.968148,698.8
14.420903,41.967806,696.0
14.420832,41.967597,694.6
14.420829,41.967309,692.3
14.420995,41.967074,691.0
14.421157,41.966893,689.9
14.421216,41.966866,689.5
14.421294,41.966858,688.4
14.421417,41.966865,687.4
14.421546,41.966889,686.1
14.421923,41.966909,682.9
14.422144,41.966894,682.1
14.422514,41.966828,679.9
14.422672,41.966767,679.4
14.422798,41.966666,677.4
14.422687,41.966716,677.6
14.422591,41.966755,678.0
14.422512,41.966753,678.4
14.422443,41.966742,678.9
14.422372,41.966706,679.4
14.422347,41.966665,680.0
14.422349,41.966519,680.6
14.42239,41.966213,682.4
14.422372,41.96605,683.3
14.421546,41.963625,702.2
14.421501,41.963532,702.8
14.421448,41.963487,703.4
14.421371,41.963479,703.9
14.421302,41.963521,704.4
14.420986,41.964195,708.4
14.420836,41.964761,713.9
14.420568,41.965266,722.5
14.420539,41.965418,724.1
14.42051,41.965805,730.5
14.420487,41.965879,732.0
14.420412,41.965952,733.4
14.420345,41.965967,735.0
14.420307,41.965956,736.5
14.420283,41.965933,737.9
14.420277,41.965891,739.1
14.4203,41.965654,741.2
14.420277,41.965524,742.1
14.419991,41.964971,745.3
14.419874,41.96465,746.1
14.419805,41.964553,746.3
14.419585,41.964359,746.7
14.419499,41.964261,747.0
14.419436,41.964103,747.0
14.41935,41.964055,747.0
14.419269,41.96405,747.0
14.419212,41.964069,747.0
14.419116,41.964144,747.8
14.419061,41.964206,748.5
14.419041,41.964265,749.3
14.419086,41.964326,750.2
14.419196,41.964417,751.0
14.419248,41.96454,751.8
14.419427,41.965104,755.8
14.419461,41.965292,757.0
14.419442,41.96536,757.6
14.419391,41.9654,758.3
14.419313,41.965429,759.1
14.419129,41.96547,759.9
14.418966,41.965475,760.8
14.418799,41.965454,761.7
14.418642,41.965424,762.0
14.4185,41.965373,762.4
14.418405,41.965298,762.6
14.41835,41.965225,762.9
14.418044,41.964666,765.0
14.417922,41.964125,770.1
14.417855,41.963979,771.1
14.41767,41.963809,773.0
14.417553,41.963753,774.4
14.417427,41.963711,776.4
14.417018,41.963628,782.6
14.416666,41.963496,789.3
14.416433,41.963267,796.3
14.416255,41.963019,802.6
14.416219,41.96296,805.2
14.416096,41.962756,810.6
14.416098,41.962656,813.2
14.416197,41.962365,820.7
14.416198,41.962252,822.1
14.41617,41.96214,823.5
14.416104,41.962085,824.8
14.416032,41.962084,826.0
14.415985,41.962131,827.1
14.415853,41.962456,830.2
14.415733,41.962688,832.0
14.41566,41.96281,832.7
14.415653,41.96295,833.2
14.415578,41.963652,829.7
14.415619,41.963791,828.6
14.415702,41.963888,827.1
14.415808,41.963941,825.7
14.41597,41.963996,824.3
14.416193,41.964008,822.9
14.416765,41.963973,817.0
14.416943,41.963978,815.4
14.417065,41.964011,813.7
14.417163,41.964099,812.3
14.417204,41.964188,811.0
14.417217,41.964316,809.9
14.417202,41.964428,808.9
14.41715,41.964558,808.0
14.417042,41.964684,807.3
14.416589,41.965068,805.9
14.416076,41.965307,808.1
14.415988,41.96537,808.8
14.415906,41.965474,809.6
14.415854,41.965675,811.5
14.415784,41.966111,815.1
14.415797,41.966259,815.9
14.415863,41.966383,816.5
14.41596,41.966488,817.0
14.416196,41.966642,817.4
14.416273,41.966792,817.4
14.416229,41.966976,817.1
14.416087,41.96715,816.3
14.416031,41.967271,815.8
14.416022,41.967375,815.2
14.416069,41.967466,814.5
14.416154,41.967534,813.7
14.416218,41.967561,812.8
14.416379,41.967604,811.8
14.416721,41.967638,809.8
14.416822,41.967677,808.7
14.416894,41.967741,807.7
14.41691,41.96782,806.8
14.41688,41.967915,805.9
14.415873,41.969287,796.5
14.415664,41.969469,795.4
14.415504,41.969496,794.8
14.415366,41.96949,794.3
14.41492,41.969381,793.7
14.414814,41.969398,793.7
14.414279,41.969787,794.2
14.413883,41.970116,795.2
14.41384,41.970247,795.5
14.41385,41.970305,795.8
14.414111,41.970604,796.1
14.414122,41.970744,795.9
14.413965,41.971075,794.9
14.413977,41.971204,794.4
14.41408,41.971537,792.9
14.414071,41.971746,791.8
14.413977,41.971925,790.7
14.413874,41.972074,790.0
14.413573,41.972298,787.3
14.413184,41.972668,782.4
14.412913,41.973089,775.8
14.412421,41.97342,768.0
14.412214,41.973716,763.9
14.411955,41.974202,758.1
14.411903,41.974302,757.0
14.411625,41.974768,754.0
14.411041,41.97564,754.4
14.41049,41.976286,758.6
14.410272,41.977001,763.2
14.409668,41.978787,762.5
14.409443,41.979021,760.6
14.408984,41.979293,757.9
14.407828,41.980222,754.6
14.407631,41.980549,755.3
14.407816,41.98142,756.5
14.407822,41.981778,756.0
14.407351,41.98258,752.7
14.407371,41.983645,751.1
14.40736,41.983901,751.1
14.407436,41.984035,750.8
14.407634,41.984269,749.6
14.408459,41.984986,740.6
14.409184,41.985663,728.0
14.409202,41.985774,726.8
14.409087,41.986042,723.7
14.408801,41.986322,721.2
14.408659,41.986504,719.9
14.408692,41.986592,719.4
14.408771,41.986701,718.9
14.40937,41.987273,715.6
14.409408,41.987387,715.2
14.409405,41.987473,714.9
14.409326,41.987876,713.2
14.408984,41.988323,712.1
14.408609,41.988726,713.1
14.408397,41.988814,714.0
14.407696,41.988886,716.8
14.407424,41.989039,717.9
14.407038,41.989324,719.8
14.406729,41.989591,720.3
14.406676,41.989777,720.3
14.406729,41.989909,720.2
14.407124,41.990338,718.8
14.407165,41.990444,718.4
14.407165,41.990527,718.1
14.407121,41.990625,717.9
14.406997,41.990761,717.8
14.406997,41.991024,717.6
14.407401,41.991513,717.1
14.407746,41.991843,716.0
14.408533,41.992516,705.5
14.408674,41.992694,701.6
14.408984,41.993364,689.3
14.409096,41.993539,686.7
14.409411,41.99422,683.3
14.409533,41.994519,684.2
14.409497,41.994891,684.5
14.4093,41.995572,681.3
14.409145,41.995725,679.5
14.408621,41.995983,674.1
14.408264,41.996101,671.4
14.408149,41.996106,670.8
14.407819,41.996078,669.7
14.407638,41.996091,669.2
14.407448,41.996141,668.8
14.407191,41.996335,667.8
14.407047,41.996416,667.6
14.40689,41.996462,667.4
14.405855,41.99659,666.5
14.405456,41.996589,665.9
14.405204,41.996534,665.4
14.404739,41.996293,664.8
14.404583,41.99617,664.6
14.404366,41.995884,664.5
14.404272,41.9958,664.6
14.404141,41.995726,664.6
14.403661,41.995543,665.0
14.403151,41.995292,665.7
14.402993,41.995238,666.0
14.402874,41.995241,666.2
14.402788,41.995271,666.4
14.402715,41.99533,666.5
14.40269,41.995391,666.6
14.402691,41.995464,666.6
14.402744,41.995552,666.5
14.403373,41.996085,665.4
14.40473,41.997181,658.1
14.405624,41.997984,649.1
14.40585,41.998166,647.4
14.405927,41.99827,646.6
14.405927,41.998345,645.6
14.406032,41.998401,644.7
14.406092,41.998477,643.9
14.406109,41.998561,643.0
14.40604,41.999116,639.0
14.405986,41.999201,638.6
14.405888,41.999266,638.1
14.405765,41.999302,637.8
14.404558,41.999469,636.6
14.404409,41.999516,636.7
14.404302,41.999586,636.7
14.404219,41.99968,636.8
14.404165,41.999859,636.8
14.40414,41.99999,637.3
14.403969,42.000873,639.9
14.403627,42.002523,641.7
14.403639,42.002688,641.8
14.404129,42.003663,644.0
14.404496,42.004365,646.9
14.404723,42.004867,649.1
14.404946,42.005313,651.1
14.405069,42.005497,651.8
14.405337,42.005736,652.6
14.406796,42.006617,657.9
14.407305,42.007029,660.9
14.407744,42.007443,662.5
14.40785,42.00761,662.9
14.407955,42.007869,663.2
14.408094,42.008252,664.7
14.408176,42.008605,666.6
14.408155,42.008772,667.3
14.407793,42.009385,672.4
14.407767,42.009476,673.1
14.407759,42.009746,675.5
14.407785,42.009849,676.2
14.407836,42.009946,676.9
14.408161,42.01038,678.6
14.408353,42.01051,679.1
14.408497,42.010578,679.3
14.409166,42.010764,680.7
14.409454,42.01087,681.3
14.409658,42.011053,682.0
14.409846,42.011458,682.3
14.409955,42.011663,681.7
14.410143,42.011878,680.8
14.411228,42.012819,673.6
14.411443,42.01303,672.8
14.411789,42.013228,672.7
14.41205,42.013346,672.9
14.41222,42.0135,673.3
14.412294,42.013642,673.5
14.412302,42.013854,673.9
14.412266,42.014042,674.4
14.412125,42.014231,674.8
14.412004,42.014586,676.5
14.412032,42.014706,677.1
14.412108,42.014808,677.8
14.412527,42.01509,679.5
14.413146,42.015579,679.0
14.413345,42.015834,676.5
14.413542,42.016019,674.0
14.41384,42.016168,671.2
14.414101,42.016248,668.0
14.414438,42.016338,665.0
14.41482,42.016405,660.5
14.415106,42.016439,656.3
14.415402,42.016513,654.4
14.415753,42.016651,653.8
14.416024,42.016686,655.0
14.416447,42.016709,658.1
14.416986,42.017153,665.2
14.417376,42.017383,672.3
14.417648,42.017487,674.5
14.418241,42.017565,675.6
14.418611,42.017691,675.1
14.418958,42.017903,673.6
14.419218,42.017993,672.2
14.419842,42.018141,667.5
14.420095,42.018251,665.3
14.420242,42.018396,663.3
14.420669,42.019155,659.6
14.420808,42.019319,659.8
14.421,42.019504,660.2
14.421152,42.019708,660.9
14.421305,42.020076,662.1
14.421334,42.020273,662.6
14.421239,42.020602,662.1
14.421148,42.020796,662.6
14.42068,42.021391,664.9
14.420619,42.021579,665.8
14.420552,42.021983,670.3
14.420499,42.022291,674.9
14.420294,42.023606,687.2
14.420301,42.023865,687.2
14.420431,42.024159,686.4
14.420468,42.024345,686.1
14.420444,42.024448,685.9
14.42036,42.024532,685.7
14.420187,42.024656,685.6
14.419416,42.02508,684.7
14.418988,42.025347,684.3
14.418245,42.026196,686.7
14.418118,42.02638,687.7
14.418043,42.026542,688.5
14.417821,42.027202,693.0
14.417585,42.027939,693.3
14.417668,42.028148,692.5
14.417698,42.028182,692.0
14.417736,42.028225,691.5
14.417914,42.028321,690.8
14.417896,42.028386,690.1
14.41785,42.028446,689.3
14.417633,42.02848,688.6
14.41746,42.028554,687.9
14.41734,42.028686,687.1
14.417002,42.029133,683.8
14.416723,42.029574,681.0
14.416516,42.029972,678.1
14.416417,42.030468,674.4
14.416352,42.03057,673.6
14.416322,42.03073,672.6
14.416063,42.03142,666.3
14.416045,42.031611,664.8
14.416068,42.031945,663.0
14.41604,42.032169,662.0
14.41576,42.032636,659.9
14.415672,42.032981,659.7
14.41561,42.033057,659.6
14.415404,42.033208,658.8
14.415265,42.033238,658.1
14.415073,42.033357,656.7
14.41486,42.033423,656.4
14.414367,42.033536,655.5
14.414192,42.033594,655.3
14.414116,42.033636,655.8
14.414093,42.033664,656.2
14.413912,42.034045,657.9
14.413704,42.034295,659.3
14.413588,42.034536,660.8
14.413587,42.034647,661.9
14.413639,42.035036,665.5
14.413648,42.035128,666.2
14.413661,42.035259,666.5
14.413669,42.03537,666.3
14.413663,42.035396,666.0
14.413644,42.035484,665.2
14.413602,42.035579,664.3
14.413525,42.035667,663.5
14.413473,42.035719,662.6
14.413394,42.035779,661.8
14.413137,42.035951,660.1
14.412914,42.036049,658.4
14.412655,42.036142,656.7
14.412555,42.036178,655.8
14.412446,42.03617,655.4
14.412313,42.036173,655.0
14.412238,42.036184,655.0
14.411775,42.036252,655.1
14.411558,42.036284,655.9
14.411412,42.036325,656.7
14.411273,42.036421,657.5
14.41086,42.036943,662.3
14.410739,42.037139,663.9
14.410661,42.037263,664.5
14.410564,42.037447,665.3
14.410545,42.037481,665.2
14.410468,42.037625,665.0
14.410425,42.03777,664.5
14.410383,42.03799,663.5
14.410346,42.038178,662.5
14.41032,42.03831,662.0
14.410164,42.03911,667.7
14.410133,42.039219,669.2
14.409981,42.039411,672.6
14.409912,42.039457,674.0
14.409775,42.039506,675.4
14.409662,42.039531,676.8
14.409115,42.039591,682.4
14.408996,42.039632,683.8
14.408921,42.039692,685.2
14.40889,42.039781,686.3
14.408906,42.039853,687.2
14.408954,42.039952,687.8
14.409037,42.040038,688.1
14.40922,42.040177,687.9
14.409273,42.040253,687.5
14.409398,42.040554,685.5
14.409525,42.040761,685.0
14.410091,42.041334,685.0
14.410152,42.041403,685.0
14.410165,42.041484,684.5
14.410138,42.041663,683.4
14.410103,42.041726,682.9
14.410019,42.041803,682.1
14.409917,42.041864,681.5
14.409765,42.041909,681.1
14.409617,42.041927,680.7
14.409497,42.041918,680.5
14.408539,42.041629,680.0
14.408448,42.041622,680.1
14.408296,42.041654,680.3
14.408243,42.041688,680.6
14.408185,42.04175,681.5
14.407951,42.04222,686.8
14.407861,42.04229,687.8
14.407731,42.042341,688.7
14.407452,42.042385,690.3
14.407337,42.042387,691.0
14.406921,42.042375,693.7
14.406238,42.042296,698.5
14.405738,42.042296,702.5
14.405505,42.042313,703.8
14.405376,42.042337,705.0
14.405266,42.04239,706.8
14.405225,42.04244,708.3
14.405204,42.042517,709.7
14.405222,42.042681,711.1
14.405325,42.042764,712.3
14.406258,42.043152,716.8
14.407119,42.043437,712.0
14.407288,42.043508,710.1
14.407396,42.043593,708.5
14.407473,42.043689,706.8
14.40753,42.0438,705.2
14.407549,42.044042,702.1
14.407514,42.044148,700.7
14.407455,42.044247,699.4
14.407374,42.044338,698.4
14.406804,42.044749,694.2
14.406658,42.044814,693.9
14.406497,42.044854,693.8
14.406338,42.04487,693.9
14.406041,42.044828,694.6
14.405821,42.044747,695.5
14.405646,42.044705,696.2
14.405477,42.044708,696.8
14.405342,42.044756,697.4
14.405263,42.044816,698.1
14.405217,42.044881,698.7
14.405155,42.045433,701.4
14.405055,42.046022,702.9
14.405072,42.046149,703.0
14.405114,42.046254,703.1
14.405217,42.046426,703.2
14.405379,42.046584,703.2
14.405467,42.04676,703.3
14.405495,42.046927,703.4
14.405475,42.047025,703.5
14.405426,42.047124,703.5
14.405325,42.047255,703.6
14.403918,42.048569,709.0
14.403768,42.04874,709.8
14.403707,42.048842,710.1
14.403654,42.048995,710.3
14.403479,42.049995,708.5
14.403395,42.050469,704.0
14.403362,42.050656,701.9
14.403307,42.050828,700.9
14.403247,42.05093,700.0
14.403157,42.051027,699.2
14.402982,42.051142,698.4
14.402846,42.051194,697.5
14.40263,42.051242,696.8
14.402233,42.051288,694.6
14.402102,42.051303,694.0
14.401725,42.051346,692.3
14.401388,42.051407,691.7
14.401175,42.051476,691.5
14.400681,42.05171,691.8
14.400547,42.051774,691.8
14.400421,42.051816,691.9
14.400308,42.051831,692.0
14.400161,42.051827,692.1
14.399474,42.051779,692.2
14.399407,42.051774,691.4
14.399309,42.051781,690.5
14.399214,42.051808,689.5
14.398533,42.052103,682.0
14.398228,42.052201,679.2
14.398106,42.052223,677.9
14.397455,42.052211,670.1
14.396338,42.052149,660.9
14.396018,42.052164,659.9
14.395887,42.052186,659.5
14.394772,42.052458,656.8
14.394646,42.052508,656.7
14.394515,42.052588,656.6
14.394351,42.052781,656.5
14.394192,42.052979,656.3
14.394122,42.053067,656.1
14.394084,42.053154,655.9
14.394084,42.053287,655.7
14.39424,42.053708,654.7
14.394256,42.053924,654.1
14.394206,42.054038,653.8
14.394125,42.054148,653.5
14.393797,42.054472,651.4
14.393574,42.054692,650.0
14.393121,42.055167,649.5
14.392983,42.055312,649.3
14.392408,42.055921,648.7
14.392169,42.056096,649.0
14.392043,42.056161,649.0
14.391405,42.056417,648.0
14.391273,42.056475,647.7
14.391171,42.056556,647.4
14.391063,42.056699,647.0
14.39103,42.057788,644.9
14.391054,42.05798,644.5
14.391167,42.058233,643.9
14.391292,42.058374,643.4
14.391777,42.058746,640.6
14.391861,42.058842,640.1
14.392283,42.059565,634.6
14.392396,42.059673,633.9
14.392931,42.060122,629.9
14.393641,42.060647,622.6
14.394092,42.061024,617.2
14.394157,42.061162,616.1
14.394131,42.061387,614.0
14.394061,42.061684,611.3
14.393761,42.062181,608.1
14.393761,42.062322,607.9
14.393891,42.062537,607.9
14.394292,42.062806,607.6
14.395695,42.063254,600.8
14.39583,42.063358,599.9
14.396018,42.063621,596.9
14.396251,42.064012,593.7
14.39626,42.064193,592.5
14.396187,42.064343,592.0
14.394424,42.065876,584.4
14.39425,42.066077,583.5
14.394071,42.066602,581.2
14.393957,42.066814,580.7
14.393498,42.067264,579.9
14.393479,42.067353,579.7
14.393509,42.067424,579.4
14.393686,42.067484,578.9
14.393778,42.067477,578.6
14.393873,42.067445,578.3
14.394293,42.066996,577.5
14.394818,42.06647,577.8
14.394984,42.066344,578.0
14.395126,42.066313,578.2
14.395307,42.066357,578.3
14.395426,42.066484,578.5
14.395419,42.066539,578.7
14.39539,42.06659,577.8
14.395358,42.066649,576.9
14.394733,42.067219,569.8
14.39451,42.067485,567.7
14.394285,42.067841,565.7
14.394199,42.067899,565.5
14.394075,42.06793,565.6
14.393756,42.067959,567.3
14.393431,42.067957,569.8
14.393318,42.067978,570.8
14.393243,42.068014,571.8
14.392701,42.068451,576.1
14.392281,42.068835,571.6
14.392169,42.068937,569.7
14.392124,42.069004,567.6
14.391789,42.069812,548.1
14.391776,42.06993,546.1
14.391795,42.070065,544.1
14.391895,42.070295,540.0
14.392093,42.070666,535.0
14.392484,42.071104,532.8
14.392497,42.07124,532.4
14.392427,42.071337,531.9
14.392322,42.071427,531.3
14.392258,42.071525,530.8
14.392187,42.071932,528.6
14.392087,42.072062,528.0
14.391836,42.072283,526.5
14.391659,42.072439,526.3
14.391592,42.072523,526.7
14.391565,42.072589,527.2
14.391181,42.073819,538.4
14.391123,42.074154,542.2
14.390944,42.074816,548.4
14.390935,42.074981,547.5
14.390966,42.075393,543.7
14.390961,42.075527,542.1
14.390909,42.075651,540.4
14.390776,42.075752,538.7
14.390226,42.075861,531.2
14.390122,42.07591,528.9
14.390057,42.075964,526.7
14.390002,42.076038,524.4
14.389555,42.076921,511.2
14.388912,42.07835,524.2
14.388868,42.078448,525.5
14.388677,42.078879,531.8
14.388497,42.079334,530.3
14.388398,42.079603,526.0
14.388259,42.080284,513.0
14.388215,42.080398,510.8
14.388142,42.080481,508.6
14.388051,42.080544,506.5
14.387948,42.080582,504.2
14.387453,42.080766,496.3
14.386416,42.081156,488.2
14.386294,42.081244,487.3
14.38569,42.081763,480.8
14.385523,42.081929,479.6
14.385477,42.082023,479.3
14.385459,42.082145,479.2
14.385461,42.08259,479.7
14.385398,42.082902,481.0
14.385357,42.082981,481.6
14.385024,42.083273,484.8
14.384943,42.083367,485.7
14.384858,42.083526,486.6
14.38486,42.083607,487.5
14.384891,42.083837,490.0
14.384932,42.084362,495.5
14.385057,42.084658,497.8
14.38507,42.084769,498.4
14.385054,42.084867,499.1
14.385045,42.084944,499.7
14.385027,42.085105,499.2
14.385014,42.0855,496.4
14.385032,42.08583,493.9
14.384975,42.085965,492.2
14.384819,42.086083,490.5
14.384505,42.086261,485.4
14.384386,42.086389,483.7
14.38432,42.086498,482.0
14.384087,42.086833,475.2
14.383946,42.086925,473.5
14.383218,42.087182,470.1
14.383155,42.087226,470.7
14.383102,42.087263,471.2
14.382866,42.087478,472.0
14.382545,42.087832,471.2
14.382518,42.087874,471.0
14.38252,42.087928,470.7
14.382529,42.08797,470.1
14.382586,42.088049,469.4
14.382783,42.088536,466.3
14.382796,42.088598,465.7
14.382782,42.088668,465.1
14.382647,42.088801,463.3
14.382391,42.088941,460.3
14.382191,42.089004,459.4
14.382072,42.089125,458.9
14.382032,42.089246,458.5
14.382102,42.089529,457.2
14.382113,42.089662,456.8
14.382088,42.089723,456.5
14.382047,42.089782,456.3
14.382017,42.089834,456.1
14.382002,42.090079,455.7
14.382019,42.090416,455.2
14.382047,42.090586,455.0
14.382176,42.091093,454.2
14.382274,42.09132,453.8
14.382379,42.091565,453.3
14.382424,42.091715,453.0
14.38246,42.09196,452.5
14.382539,42.092119,452.3
14.382742,42.092411,452.0
14.382836,42.092574,451.8
14.383043,42.092932,451.2
14.383077,42.09299,450.3
14.383166,42.093139,449.5
14.383314,42.093308,447.6
14.38365,42.093631,440.0
14.383749,42.093739,437.7
14.383815,42.093831,435.4
14.38385,42.093945,433.0
14.383843,42.094164,428.4
14.383841,42.094266,426.1
14.38387,42.094319,423.8
14.383821,42.094335,421.5
14.383529,42.094518,414.6
14.38339,42.094672,410.7
14.383335,42.094778,409.1
14.383307,42.094889,407.5
14.383315,42.095166,404.4
14.383261,42.095252,404.0
14.383206,42.095278,404.0
14.383124,42.095292,404.8
14.382836,42.095288,406.5
14.382586,42.095264,408.2
14.382202,42.095326,410.8
14.382011,42.095388,411.7
14.381853,42.095399,412.6
14.381783,42.095372,413.5
14.381034,42.094655,419.3
14.380809,42.094372,417.2
14.380417,42.093949,410.2
14.379647,42.093303,397.8
14.379441,42.093156,396.2
14.37936,42.093104,395.5
14.379189,42.093056,394.9
14.379058,42.092997,394.7
14.378979,42.092935,394.4
14.378932,42.092877,394.2
14.378652,42.092331,393.3
14.378388,42.092095,391.5
14.378306,42.091977,390.4
14.378286,42.091706,385.7
14.378356,42.091377,380.1
14.378331,42.091226,378.3
14.3783,42.091182,376.3
14.378049,42.090921,372.0
14.37802,42.090858,370.8
14.378026,42.090709,369.8
14.378164,42.090123,365.6
14.3782,42.089847,365.8
14.378205,42.089736,366.2
14.378162,42.089541,366.9
14.378034,42.089203,367.2
14.377977,42.089104,367.1
14.377775,42.088862,366.3
14.37749,42.08858,365.5
14.37734,42.088381,364.7
14.377257,42.088209,363.9
14.377114,42.087748,361.8
14.37693,42.087212,355.6
14.376703,42.087427,350.7
14.376164,42.087614,344.0
14.376071,42.087665,342.4
14.376026,42.087728,340.7
14.375967,42.087923,337.4
14.375889,42.088146,334.2
14.375841,42.088285,332.6
14.37582,42.088429,331.2
14.37581,42.088829,327.9
14.375804,42.088942,327.6
14.375807,42.0894,327.1
14.375747,42.089619,326.0
14.375571,42.089822,324.5
14.3752,42.090079,321.4
14.374709,42.090294,318.0
14.374381,42.090417,314.7
14.374265,42.090484,312.7
14.374181,42.090623,310.4
14.374166,42.090763,308.2
14.374191,42.090899,306.0
14.374425,42.091255,299.0
14.374518,42.091502,296.2
14.374462,42.09171,293.3
14.374391,42.091857,291.7
14.374311,42.091937,289.8
14.373886,42.092358,280.3
14.373222,42.092992,272.6
14.3728,42.093321,267.5
14.372151,42.093725,261.5
14.371907,42.09394,257.5
14.371571,42.094329,248.6
14.371154,42.09481,237.5
14.37087,42.095231,230.5
14.37029,42.096166,210.0
14.370181,42.096263,207.3
14.37002,42.096325,204.6
14.369885,42.09634,201.9
14.369368,42.096301,190.4
14.369209,42.096303,187.5
14.369089,42.096345,184.5
14.36903,42.096462,181.8
14.369048,42.096551,179.3
14.369692,42.097326,167.2
14.369782,42.097485,166.9
14.369755,42.097737,166.1
14.369719,42.097959,163.4
14.369713,42.098105,161.8
14.369716,42.098123,160.2
14.369738,42.098285,158.6
14.369813,42.098825,148.5
14.369884,42.099514,136.1
14.369881,42.099845,131.8
14.369774,42.100042,131.1
14.369491,42.100476,127.4
14.370141,42.101084,121.1
14.37027,42.101243,119.6
14.370296,42.101384,118.9
14.370256,42.101521,118.2
14.370163,42.101691,116.8
14.369917,42.102142,114.2
14.369871,42.102321,113.7
14.369871,42.102529,113.2
14.370014,42.10327,111.1
14.370139,42.103603,110.2
14.370262,42.103787,109.7
14.370522,42.104048,109.1
14.371162,42.104628,108.2
14.372165,42.10548,108.5
14.372313,42.105605,108.6
14.372345,42.105632,108.7
14.372319,42.105711,108.8
14.372252,42.105773,108.9
14.371995,42.105813,109.0
14.371854,42.105858,109.0
14.370344,42.106448,108.0
14.37018,42.106513,107.8
14.370065,42.106559,107.6
14.369678,42.106713,107.0
14.369122,42.106935,106.1
14.369049,42.106963,105.9
14.368312,42.107245,105.1
14.36804,42.107349,104.8
14.367643,42.107523,104.6
14.366788,42.107897,104.2
14.366174,42.10814,103.7
14.365928,42.108237,103.3
14.363071,42.109407,102.0
14.362833,42.109499,102.3
14.362643,42.109597,102.4
14.362522,42.109723,102.5
14.362448,42.109887,102.7
14.362419,42.110035,102.7
14.362437,42.110492,102.7
14.362444,42.110679,103.1
14.362358,42.111329,106.2
14.36186,42.112016,110.6
14.361345,42.112678,112.9
14.360624,42.113566,109.9
14.360759,42.113871,108.7
14.36102,42.114754,105.3
14.360952,42.11475,105.0
14.360778,42.114765,104.7
14.360794,42.114852,104.4
14.360799,42.114936,104.1
14.36077,42.115129,103.6
14.360689,42.115357,103.1
14.360678,42.115499,102.9
14.36085,42.116137,102.2
14.360933,42.116315,102.1
14.361234,42.116788,102.3
14.361293,42.116909,102.3
14.361373,42.117329,102.5
14.361341,42.117488,102.6
14.361295,42.11759,102.6
14.361097,42.117914,102.7
14.360976,42.118042,102.8
14.360884,42.118219,102.8
14.360658,42.118679,102.9
14.360592,42.118712,102.9
14.360525,42.118721,102.9
14.360657,42.118794,102.9
14.360933,42.118947,103.0
14.36122,42.119217,103.0
14.36133,42.119695,103.0
14.361504,42.119973,103.0
14.361706,42.120119,103.0
14.362056,42.120231,103.0
14.362006,42.120445,103.0
14.361491,42.121814,102.2
14.361402,42.122124,101.9
14.361169,42.122832,101.0
14.360911,42.123593,100.2
14.360543,42.12467,99.6
14.360463,42.124967,100.0
14.360327,42.125465,101.0
14.360309,42.125716,101.4
14.360388,42.125902,101.8
14.360549,42.126074,102.1
14.360808,42.126235,102.5
14.361023,42.126311,102.7
14.36136,42.126392,103.0
14.361822,42.126475,103.4
14.362112,42.126491,103.6
14.362442,42.126459,103.7
14.363127,42.126277,104.1
14.363288,42.126268,104.2
14.363432,42.126305,104.3
14.363565,42.126406,104.4
14.363619,42.126504,104.5
14.363638,42.126611,104.6
14.363627,42.126686,104.7
14.363594,42.126795,104.9
14.362864,42.127288,106.9
14.36192,42.128068,111.4
14.360139,42.129341,120.5
14.358787,42.130392,124.9
14.356534,42.129071,127.1
14.355805,42.128625,127.9
14.353643,42.127545,132.1
14.353362,42.127405,132.6
14.351599,42.126525,131.3
14.350333,42.125904,127.4
14.348874,42.125156,125.8
14.348016,42.124694,123.7
14.347629,42.124535,122.6
14.346878,42.124599,120.1
14.345934,42.124615,117.8
14.345441,42.124519,117.6
14.344754,42.12409,118.9
14.34308,42.122864,123.7
14.342523,42.122429,124.3
14.342287,42.122278,124.5
14.34212,42.122217,124.5
14.341812,42.122193,124.5
14.341229,42.122159,123.9
14.341042,42.122148,123.7
14.339434,42.122114,122.4
14.337783,42.122103,126.5
14.337475,42.12209,127.2
14.337218,42.122021,127.9
14.33478,42.121147,150.8
14.334462,42.121105,153.7
14.333863,42.121067,158.9
14.333218,42.120875,163.4
14.332862,42.120809,164.6
14.331698,42.120659,159.6
14.331267,42.120617,155.2
14.331,42.120684,151.3
14.330099,42.121002,139.4
14.329182,42.121132,137.7
14.328525,42.121269,141.0
14.328363,42.121349,141.5
14.327926,42.121697,142.9
14.327668,42.121844,143.0
14.327433,42.121934,142.7
14.327395,42.121957,142.2
14.326885,42.122088,138.5
14.326687,42.122164,137.3
14.326474,42.122303,135.1
14.326438,42.122329,134.0
14.326125,42.12256,132.7
14.325791,42.122854,132.6
14.325276,42.123131,134.8
14.325067,42.123243,136.7
14.322529,42.1245,140.5
14.319088,42.126253,137.7
14.318427,42.126562,138.3
14.318181,42.126629,138.4
14.318016,42.126649,138.4
14.317955,42.126656,138.5
14.317872,42.126652,138.5
14.317677,42.126644,138.5
14.317564,42.126637,138.5
14.317,42.126598,138.4
14.316839,42.126596,138.4
14.316038,42.126589,138.6
14.315046,42.126712,139.8
14.313757,42.126666,142.2
14.312685,42.126598,144.0
14.312637,42.126809,144.8
14.312495,42.127251,148.0
14.311473,42.129236,175.1
14.311304,42.129409,177.5
14.310194,42.129779,186.9
14.309821,42.130324,190.6
14.309861,42.130575,191.4
14.310663,42.131864,198.1
14.310703,42.132076,199.1
14.310572,42.132315,200.2
14.310282,42.132747,202.6
14.31025,42.133093,203.6
14.310202,42.13334,204.3
14.310116,42.133501,204.6
14.309534,42.133879,206.6
14.307978,42.134827,213.5
14.307436,42.134988,215.0
14.306704,42.135177,217.0
14.306522,42.135265,217.2
14.306329,42.135438,217.7
14.306262,42.135623,218.1
14.306326,42.135786,218.3
14.306436,42.135955,218.8
14.306356,42.136218,219.8
14.306307,42.136313,220.5
14.306012,42.136409,221.8
14.305728,42.136442,223.1
14.305546,42.136363,223.8
14.305087,42.136281,225.8
14.304499,42.136293,228.8
14.304271,42.136329,229.6
14.303893,42.136448,232.0
14.303325,42.136737,235.2
14.303086,42.136916,236.4
14.302906,42.137142,237.8
14.302745,42.137556,240.8
14.302617,42.137664,241.5
14.302327,42.137811,242.9
14.302155,42.137867,243.6
14.30205,42.137869,244.4
14.301989,42.137871,245.9
14.30127,42.13772,254.4
14.301093,42.13764,255.7
14.300916,42.137485,257.9
14.300811,42.137365,258.9
14.300659,42.13733,259.8
14.300578,42.137342,260.7
14.300562,42.137457,261.7
14.300642,42.137843,265.6
14.300524,42.13908,271.2
14.300412,42.139167,271.8
14.300181,42.139203,272.7
14.299907,42.139223,274.4
14.299556,42.13938,277.1
14.299291,42.139452,278.7
14.298706,42.139758,282.5
14.298566,42.139752,283.1
14.298397,42.139662,283.7
14.298084,42.139334,286.0
14.297866,42.139054,287.5
14.297456,42.138439,292.5
14.297032,42.13802,296.6
14.296219,42.137497,301.3
14.295608,42.13727,300.8
14.295133,42.137154,298.2
14.294688,42.136761,294.8
14.294269,42.136611,292.8
14.29402,42.136609,291.4
14.293553,42.136677,289.6
14.292572,42.137011,289.5
14.291746,42.137387,298.3
14.290788,42.137858,316.5
14.290244,42.137952,323.5
14.289189,42.138089,328.6
14.28835,42.138316,328.0
14.287972,42.138441,327.4
14.28777,42.138642,327.2
14.287328,42.139859,327.8
14.286711,42.140961,329.7
14.286349,42.141492,331.7
14.286011,42.142369,339.0
14.286027,42.142694,341.7
14.286207,42.14333,346.6
14.286024,42.144641,349.1
14.285948,42.144788,349.1
14.285981,42.144873,349.4
14.285944,42.145185,350.6
14.285955,42.145456,352.0
14.28622,42.145959,355.5
14.286384,42.146269,358.6
14.286333,42.146251,359.9
14.286172,42.146198,361.1
14.285971,42.146076,363.7
14.285869,42.146048,364.7
14.28577,42.146082,365.6
14.285697,42.146202,366.5
14.285448,42.146814,372.6
14.284957,42.147353,377.9
14.284903,42.147574,379.1
14.2847,42.147918,386.1
14.284686,42.147942,388.5
14.28449,42.148037,390.8
14.28423,42.148301,397.8
14.284219,42.148311,400.0
14.28393,42.148514,406.6
14.283852,42.148566,408.7
14.28382,42.148588,410.7
14.283254,42.148695,418.5
14.282629,42.148886,423.0
14.282312,42.149018,423.0
14.282243,42.149047,423.0
14.281972,42.149517,423.3
14.281427,42.150193,424.0
14.280891,42.15069,425.4
14.279979,42.151376,427.8
14.279916,42.151532,428.1
14.279812,42.151702,428.0
14.279652,42.151804,427.8
14.279426,42.151877,427.2
14.27923,42.151945,425.7
14.278989,42.151961,424.4
14.278753,42.152018,421.8
14.278134,42.152558,412.5
14.2779,42.152874,406.9
14.277636,42.153299,401.3
14.277208,42.153625,400.5
14.27674,42.153802,398.9
14.27606,42.153974,396.4
14.275433,42.154187,394.1
14.27512,42.15439,392.9
14.274947,42.154607,392.3
14.274625,42.155264,390.9
14.274182,42.155987,388.9
14.273622,42.157033,384.4
14.273362,42.15733,383.2
14.272949,42.157803,380.5
14.272474,42.158228,377.1
14.271549,42.15892,369.7
14.271194,42.159266,366.7
14.270411,42.159854,361.2
14.269615,42.160272,358.6
14.268405,42.160779,359.0
14.267362,42.161089,361.9
14.266243,42.161479,366.8
14.265374,42.161839,371.0
14.262912,42.16291,368.1
14.262485,42.163179,366.2
14.260254,42.164668,358.0
14.259878,42.16494,356.8
14.259551,42.16531,355.7
14.259286,42.165373,355.1
14.258929,42.165405,354.4
14.258518,42.165499,353.6
14.258285,42.16559,353.1
14.257963,42.165773,352.6
14.257853,42.16596,352.3
14.25782,42.166075,352.2
14.257842,42.166308,352.2
14.257789,42.166413,352.2
14.257588,42.166625,352.6
14.257207,42.166942,354.3
14.256558,42.167306,358.8
14.25637,42.167611,361.9
14.256276,42.167666,363.1
14.255939,42.167692,365.6
14.255759,42.167751,366.9
14.255528,42.168127,371.3
14.254916,42.169626,384.0
14.254626,42.170385,388.8
14.254466,42.171107,393.2
14.25446,42.171813,396.1
14.254553,42.172184,397.3
14.2546,42.172278,397.5
14.254897,42.172687,398.1
14.255919,42.173969,399.4
14.256354,42.174204,400.4
14.257014,42.174258,401.7
14.25769,42.174507,403.1
14.257757,42.174691,402.3
14.2581,42.174862,400.2
14.258189,42.174975,398.8
14.258226,42.175106,397.7
14.258027,42.175627,390.4
14.258055,42.175844,387.9
14.258243,42.176095,384.1
14.258378,42.176189,382.8
14.258428,42.176267,381.5
14.258398,42.176365,380.5
14.258121,42.176662,378.4
14.257454,42.17786,376.5
14.25705,42.178414,375.5
14.256766,42.178854,375.3
14.256492,42.17918,375.7
14.255753,42.179839,378.1
14.255633,42.180007,379.1
14.255553,42.180119,379.6
14.255353,42.180535,382.0
14.255256,42.180782,383.4
14.255177,42.181063,385.5
14.255108,42.18168,389.9
14.255104,42.181807,390.6
14.255136,42.181922,391.3
14.255237,42.182097,392.8
14.255373,42.182332,394.3
14.255989,42.183219,401.3
14.256305,42.183535,404.2
14.256707,42.183775,407.0
14.257754,42.184475,411.4
14.258809,42.185096,418.2
14.259207,42.185501,425.0
14.259574,42.185715,429.3
14.259719,42.185832,430.6
14.259811,42.186025,432.9
14.259799,42.186325,435.3
14.25982,42.186444,435.8
14.259952,42.186526,436.1
14.260956,42.186555,434.9
14.261195,42.186544,434.3
14.261409,42.186594,433.6
14.262005,42.186897,430.7
14.26268,42.187071,428.3
14.262979,42.187152,427.1
14.263144,42.187228,426.4
14.262615,42.187837,424.9
14.262149,42.188716,431.1
14.26171,42.189085,436.3
14.260958,42.189614,438.0
14.260647,42.189726,438.5
14.260175,42.189793,439.9
14.259934,42.189858,440.7
14.259513,42.19011,442.2
14.259016,42.190543,445.9
14.258822,42.190636,446.9
14.258657,42.190699,448.1
14.258359,42.190803,450.4
14.258125,42.190834,451.1
14.257835,42.190825,452.2
14.257106,42.190341,455.9
14.25693,42.190254,456.4
14.256663,42.190233,457.3
14.256456,42.190254,457.7
14.25582,42.190402,459.1
14.255252,42.19064,459.2
14.254997,42.190834,459.1
14.254705,42.190952,459.1
14.254452,42.190957,458.9
14.253206,42.190833,456.5
14.25295,42.190807,455.6
14.251306,42.190629,449.4
14.250929,42.190588,448.2
14.249884,42.190456,446.1
14.2497,42.190469,445.9
14.249545,42.190498,445.7
14.248485,42.190978,444.7
14.24819,42.191111,444.5
14.248193,42.191214,445.3
14.247754,42.191762,451.4
14.247435,42.192084,456.8
14.247264,42.192575,464.7
14.247358,42.19279,467.9
14.249003,42.19511,476.7
14.249076,42.195334,476.8
14.249017,42.19565,477.3
14.249058,42.195902,477.9
14.249195,42.196193,478.7
14.249804,42.197258,478.4
14.250269,42.197777,474.5
14.250323,42.198241,470.7
14.250396,42.198605,468.5
14.250924,42.19947,466.2
14.251088,42.199643,466.3
14.251916,42.200317,465.2
14.252417,42.200863,463.0
14.252826,42.201436,459.9
14.253072,42.201655,458.7
14.253299,42.201782,458.1
14.2534,42.202,457.6
14.253654,42.202674,456.9
14.254255,42.203011,457.6
14.25441,42.203229,458.1
14.254574,42.204094,461.3
14.254756,42.204331,462.6
14.255029,42.204513,463.8
14.255366,42.204786,465.2
14.256813,42.206688,466.9
14.258533,42.209992,454.8
14.25828,42.21006,454.3
14.257626,42.210076,454.0
14.257357,42.210116,454.2
14.255802,42.210442,456.4
14.255072,42.210894,455.8
14.253184,42.212174,450.8
14.252948,42.21238,450.2
14.251832,42.213708,444.7
14.25182,42.213721,444.3
14.251762,42.213786,443.8
14.251533,42.214225,441.8
14.251498,42.214293,441.4
14.251469,42.214347,441.1
14.251183,42.214714,440.0
14.251035,42.214848,439.8
14.250663,42.215098,439.2
14.250168,42.215403,439.0
14.250148,42.215416,438.3
14.249836,42.2157,435.3
14.249632,42.21596,432.7
14.2495,42.21619,430.9
14.24948,42.216225,429.4
14.249354,42.216449,426.9
14.248742,42.217355,418.2
14.248613,42.217816,418.6
14.248463,42.218221,420.7
14.248429,42.219011,423.8
14.248513,42.219508,424.9
14.24849,42.219543,425.0
14.24843,42.219571,425.0
14.248392,42.219571,425.0
14.248356,42.219572,424.4
14.248266,42.219527,423.9
14.248231,42.219487,423.4
14.248109,42.21919,421.7
14.247991,42.218968,420.2
14.247744,42.218713,417.0
14.247573,42.218419,413.4
14.247487,42.218181,410.6
14.24748,42.217977,407.6
14.247583,42.217792,404.5
14.247573,42.217673,403.5
14.247514,42.217621,402.2
14.247433,42.217609,401.0
14.247358,42.217622,399.7
14.247263,42.217684,398.5
14.247122,42.217895,396.5
14.246252,42.219281,389.0
14.246231,42.219374,388.7
14.246225,42.219713,387.8
14.246212,42.219793,387.5
14.246183,42.219845,387.1
14.246011,42.219989,386.5
14.245621,42.220151,385.8
14.245556,42.220195,385.6
14.245497,42.220269,385.4
14.24547,42.220374,385.2
14.24562,42.220922,384.6
14.245614,42.221061,384.5
14.245641,42.221383,384.1
14.245556,42.22209,383.0
14.245394,42.222368,382.6
14.245169,42.222869,381.4
14.245073,42.223329,380.0
14.244901,42.22383,378.4
14.244777,42.224157,377.3
14.244732,42.224276,376.9
14.244706,42.224272,376.6
14.244648,42.224273,376.2
14.244601,42.224317,375.9
14.244386,42.22462,375.2
14.244373,42.22463,375.0
14.244365,42.224636,374.8
14.244284,42.224663,374.6
14.244188,42.224653,374.4
14.244061,42.224606,374.3
14.24398,42.224545,374.2
14.243967,42.224525,374.1
14.243914,42.224545,373.7
14.243635,42.224648,373.0
14.243474,42.224729,372.7
14.243248,42.224873,372.7
14.242927,42.225136,373.2
14.242874,42.225211,373.3
14.242789,42.225398,373.6
14.242605,42.226015,374.7
14.242572,42.226138,374.8
14.241891,42.226622,377.0
14.241543,42.226746,375.3
14.241377,42.226801,374.2
14.240261,42.227063,362.8
14.240041,42.227131,360.8
14.239542,42.227341,351.6
14.239183,42.22746,344.1
14.238689,42.22746,336.6
14.238507,42.227492,334.8
14.238314,42.227552,332.9
14.238072,42.227707,329.0
14.237922,42.227742,327.0
14.237466,42.227731,321.2
14.237198,42.227762,318.3
14.236726,42.227921,310.8
14.236495,42.228005,306.5
14.236393,42.227981,304.5
14.236307,42.22787,302.5
14.236259,42.22777,300.5
14.236243,42.227405,293.5
14.236211,42.227202,290.5
14.235993,42.227169,288.5
14.235325,42.226992,278.0
14.234821,42.226952,272.1
14.234301,42.22698,266.3
14.233958,42.226976,263.1
14.233319,42.22692,255.1
14.233051,42.22688,251.7
14.233077,42.227127,247.8
14.232981,42.228611,224.6
14.232946,42.22872,223.8
14.232798,42.228922,223.3
14.231371,42.230511,216.8
14.230985,42.230877,214.9
14.229989,42.23156,211.7
14.229888,42.231699,211.5
14.229816,42.231854,211.2
14.229419,42.234134,204.4
14.229341,42.234281,204.2
14.229206,42.234444,203.7
14.228723,42.234737,203.1
14.227775,42.235317,202.8
14.227706,42.235367,202.8
14.227648,42.235468,202.8
14.227354,42.236306,202.4
14.227166,42.236763,202.1
14.225408,42.239797,200.5
14.225389,42.239829,200.5
14.224398,42.241529,201.0
14.224129,42.242069,201.5
14.224162,42.243117,202.0
14.224162,42.243157,202.0
14.224172,42.244015,199.6
14.224108,42.244356,198.0
14.223968,42.244817,194.8
14.223518,42.245572,189.5
14.223357,42.24604,187.7
14.223056,42.249733,174.0
14.222885,42.252417,168.1
14.222735,42.252862,168.0
14.222305,42.253918,168.9
14.222123,42.254609,169.1
14.221994,42.255697,167.3
14.221929,42.256602,165.3
14.221876,42.257213,163.8
14.221574,42.257148,164.1
14.221391,42.25713,164.5
14.221249,42.25716,164.8
14.22112,42.25722,165.1
14.221016,42.257297,165.4
14.22094,42.257393,165.6
14.220641,42.257944,167.6
14.220475,42.258048,168.0
14.220367,42.258059,168.5
14.220262,42.258038,169.1
14.220206,42.257974,169.7
14.219911,42.256906,174.3
14.219876,42.256831,174.6
14.219816,42.256785,175.3
14.219648,42.256741,176.1
14.219505,42.256761,177.1
14.219404,42.256829,178.1
14.219084,42.257125,181.7
14.218781,42.257446,185.4
14.218149,42.257936,194.2
14.218055,42.258042,195.7
14.217967,42.258191,197.1
14.217658,42.259004,207.6
14.217157,42.259479,213.1
14.216987,42.25963,214.3
14.216898,42.2598,215.1
14.216899,42.259914,215.3
14.217009,42.260287,216.2
14.217023,42.260436,216.4
14.216904,42.26095,217.0
14.216896,42.261569,218.2
14.216857,42.261655,218.5
14.216807,42.261706,218.7
14.216758,42.261726,219.0
14.216724,42.26174,219.5
14.216561,42.261716,219.9
14.216488,42.261676,220.4
14.216464,42.261639,220.9
14.216432,42.261555,221.4
14.216362,42.260969,224.8
14.216284,42.26071,226.0
14.216169,42.260453,228.2
14.216044,42.260285,230.0
14.21558,42.259795,234.5
14.215362,42.25959,235.9
14.215212,42.259523,236.7
14.215097,42.25953,237.8
14.215036,42.259534,239.0
14.214789,42.259619,241.4
14.214575,42.259645,242.6
14.214459,42.259643,243.7
14.214211,42.259583,245.8
14.214011,42.25951,246.8
14.213845,42.259441,248.1
14.21379,42.259499,249.3
14.213677,42.259542,250.6
14.213491,42.259565,251.8
14.21331,42.259534,253.0
14.212909,42.259392,256.5
14.212437,42.259158,260.0
14.212113,42.258892,261.4
14.212022,42.258791,261.9
14.211895,42.25872,262.5
14.211793,42.258751,263.0
14.211757,42.258796,263.4
14.211805,42.259313,264.1
14.211788,42.259514,264.2
14.211748,42.259655,264.2
14.211714,42.259728,264.3
14.211675,42.259754,264.4
14.211576,42.259776,264.6
14.211477,42.259765,264.7
14.21122,42.259624,265.1
14.211135,42.259539,265.4
14.210819,42.259053,266.6
14.210548,42.258576,268.0
14.210494,42.258534,268.3
14.210446,42.258525,268.6
14.210373,42.258548,268.9
14.209929,42.258796,269.7
14.209828,42.258836,269.9
14.209638,42.258873,270.2
14.209486,42.258847,270.7
14.209465,42.258838,271.8
14.209333,42.258782,273.2
14.209158,42.258652,276.0
14.209003,42.258585,277.5
14.208797,42.258551,278.8
14.208266,42.258633,284.9
14.207625,42.258683,294.0
14.206704,42.258658,305.8
14.20663,42.258672,306.8
14.206551,42.258712,307.8
14.206512,42.258788,308.8
14.206464,42.259184,312.7
14.206422,42.259277,313.6
14.206369,42.259312,314.4
14.206255,42.259034,317.8
14.206165,42.258817,320.1
14.205766,42.25826,326.6
14.20567,42.258151,327.5
14.205643,42.258089,328.3
14.205645,42.258028,329.3
14.205707,42.257884,330.2
14.205767,42.257819,331.2
14.205863,42.25776,332.3
14.205746,42.257748,333.4
14.205472,42.257704,335.4
14.204959,42.257576,337.5
14.204448,42.257407,339.4
14.204376,42.257345,339.5
14.204116,42.256968,340.2
14.20388,42.256817,339.8
14.203424,42.256671,337.8
14.201236,42.256189,317.0
14.200028,42.256085,306.7
14.199487,42.255977,304.5
14.199307,42.255923,304.1
14.19847,42.255505,302.6
14.197748,42.25524,296.8
14.197251,42.255057,290.2
14.196061,42.25486,272.9
14.194899,42.254354,259.4
14.194362,42.254207,253.9
14.193472,42.254107,244.2
14.193251,42.254057,242.5
14.19322,42.25405,241.6
14.192792,42.25393,239.3
14.192627,42.253862,238.8
14.192375,42.253689,238.0
14.192296,42.253578,237.8
14.192313,42.253356,237.6
14.192356,42.253258,237.6
14.19237,42.253164,237.6
14.192362,42.253069,237.7
14.192298,42.253014,237.8
14.19215,42.252979,238.0
14.191786,42.252991,238.4
14.191143,42.253246,240.0
14.190948,42.25325,240.0
14.190852,42.253233,240.0
14.190769,42.253198,240.0
14.188712,42.251978,230.8
14.188526,42.25192,230.1
14.188429,42.251891,229.4
14.188481,42.251738,228.7
14.188493,42.25172,228.1
14.188551,42.251634,227.4
14.188588,42.25159,226.8
14.18877,42.251371,225.8
14.188985,42.251115,224.4
14.189045,42.251044,224.0
14.189183,42.250883,223.3
14.189262,42.25073,223.1
14.189267,42.250595,222.8
14.189224,42.25047,222.6
14.189071,42.25027,222.2
14.189043,42.250232,222.2
14.188913,42.250087,222.2
14.188734,42.249818,222.5
14.188635,42.249572,222.7
14.188603,42.249479,222.9
14.188372,42.249283,223.2
14.188332,42.249249,223.3
14.188268,42.249239,223.5
14.188211,42.249214,223.6
14.188166,42.249178,223.8
14.187866,42.249132,224.1
14.1878,42.249122,224.2
14.18726,42.249161,224.2
14.186693,42.249205,223.6
14.186677,42.249206,223.5
14.186526,42.249216,223.3
14.186402,42.249224,223.1
14.186309,42.249234,222.9
14.186232,42.249247,222.7
14.186097,42.249304,222.5
14.186046,42.249361,222.3
14.186012,42.249454,222.1
14.186034,42.249518,221.8
14.18608,42.249641,221.5
14.18629,42.250044,220.3
14.186285,42.250083,220.1
14.18624,42.250151,219.9
14.18619,42.250194,219.7
14.18607,42.250248,219.4
14.186041,42.250261,219.1
14.185724,42.250337,218.5
14.18552,42.250347,218.2
14.185428,42.250343,217.9
14.185314,42.25033,217.5
14.185085,42.250259,216.8
14.184918,42.250191,216.3
14.184821,42.250125,215.9
14.184672,42.249971,215.4
14.184562,42.249804,214.9
14.184491,42.249719,215.0
14.184328,42.249488,215.2
14.184244,42.249421,215.3
14.183759,42.249223,216.2
14.183549,42.249148,216.4
14.183306,42.249401,217.2
14.183183,42.249544,217.7
14.182924,42.249705,218.8
14.182859,42.249744,219.3
14.182725,42.249825,219.6
14.18208,42.250139,220.4
14.181832,42.250308,220.2
14.181733,42.250428,220.0
14.181203,42.251554,216.5
14.180608,42.252884,225.9
14.180534,42.252965,227.3
14.180447,42.252988,228.7
14.180367,42.25297,230.2
14.180274,42.252909,231.7
14.180153,42.252719,234.6
14.179975,42.252496,237.0
14.179719,42.252229,239.8
14.179478,42.252008,241.9
14.179364,42.251936,242.3
14.179214,42.251886,242.7
14.179057,42.251857,242.8
14.178929,42.251883,242.8
14.178837,42.251953,242.8
14.178786,42.252054,242.8
14.17875,42.252191,242.8
14.178727,42.252728,243.0
14.178711,42.252833,243.9
14.178672,42.2529,244.8
14.178575,42.252988,245.7
14.177559,42.253569,255.1
14.177451,42.253583,256.0
14.177359,42.253581,257.5
14.177262,42.253564,258.9
14.176775,42.253381,264.7
14.176691,42.253374,265.3
14.176511,42.253439,266.1
14.176454,42.253499,266.9
14.176422,42.253565,267.7
14.176417,42.253661,268.4
14.176447,42.253711,269.2
14.176528,42.253781,270.0
14.177253,42.2541,273.4
14.177338,42.254164,273.8
14.177356,42.254213,273.6
14.177344,42.254254,273.5
14.177288,42.254295,273.5
14.17722,42.254309,273.9
14.175541,42.254294,279.3
14.175429,42.25435,280.6
14.175406,42.254376,282.0
14.175414,42.254417,283.3
14.175456,42.25446,284.7
14.176514,42.254792,290.5
14.176606,42.254842,290.8
14.176692,42.25492,291.3
14.176719,42.25501,291.8
14.176716,42.255084,292.4
14.176631,42.255217,293.0
14.17648,42.255318,293.7
14.175267,42.255812,297.0
14.175205,42.255839,297.5
14.175186,42.255878,298.0
14.175202,42.255918,298.6
14.175266,42.25595,299.1
14.175316,42.255956,299.6
14.175781,42.255903,300.4
14.175968,42.255897,300.5
14.176174,42.255913,300.6
14.17651,42.256018,300.7
14.176696,42.256104,300.8
14.176748,42.256128,301.4
14.176871,42.256217,302.1
14.177062,42.256557,304.5
14.177081,42.256661,305.0
14.177063,42.256765,305.5
14.177022,42.256828,306.0
14.176974,42.256883,306.4
14.176885,42.25693,306.9
14.176729,42.256982,307.4
14.175978,42.257128,310.8
14.175881,42.257136,311.4
14.175554,42.25713,312.8
14.175473,42.257128,313.3
14.175415,42.257131,313.8
14.175339,42.257139,314.6
14.175206,42.257174,315.3
14.173999,42.257667,325.8
14.173691,42.257825,328.9
14.173504,42.25795,330.4
14.173297,42.258123,331.8
14.173127,42.258291,332.7
14.173046,42.258396,333.1
14.172966,42.258444,334.4
14.172554,42.258683,340.1
14.172146,42.259012,345.7
14.171993,42.259158,349.3
14.171896,42.259251,351.1
14.171674,42.259419,354.7
14.171446,42.259531,358.2
14.171272,42.259619,359.9
14.171191,42.259653,361.6
14.171115,42.259726,363.3
14.171041,42.259817,365.0
14.17067,42.260202,365.4
14.170387,42.2605,363.0
14.169776,42.260946,353.1
14.16959,42.260988,351.4
14.169312,42.261022,348.0
14.16863,42.261021,340.5
14.168341,42.261054,338.4
14.167937,42.261168,335.8
14.167258,42.261181,332.2
14.167112,42.261156,331.3
14.166985,42.261162,330.4
14.166959,42.261188,329.6
14.166951,42.261246,328.9
14.166985,42.261349,328.1
14.167109,42.261498,327.4
14.167272,42.261665,326.3
14.167398,42.261807,325.0
14.167672,42.261974,322.7
14.167734,42.262071,321.8
14.16761,42.26248,317.4
14.167629,42.26257,316.1
14.167728,42.262764,311.1
14.168206,42.263429,289.6
14.168359,42.263636,285.1
14.168423,42.263852,281.2
14.16841,42.264034,277.2
14.168375,42.264114,274.2
14.168308,42.264259,271.2
14.168147,42.264348,268.4
14.167506,42.264612,259.3
14.167361,42.264715,257.9
14.167264,42.264979,253.1
14.16646,42.265575,233.5
14.166296,42.265718,229.2
14.166076,42.265859,224.7
14.165617,42.265988,215.6
14.16558,42.266053,213.5
14.165615,42.266111,211.4
14.16569,42.266149,209.5
14.166379,42.266319,202.0
14.166934,42.266534,197.3
14.167377,42.26675,194.0
14.16772,42.266875,191.8
14.168021,42.26705,189.6
14.168678,42.26753,184.3
14.168718,42.267568,183.8
14.168723,42.267609,183.2
14.168697,42.267651,182.7
14.168619,42.267667,182.2
14.167865,42.267724,181.0
14.166886,42.267663,179.6
14.166588,42.267675,179.0
14.166291,42.267722,178.3
14.166173,42.26776,178.0
14.166052,42.267855,177.6
14.165883,42.268024,176.8
14.165797,42.26808,176.5
14.165647,42.268104,176.1
14.164821,42.268068,173.5
14.16426,42.268062,171.4
14.163752,42.268043,167.3
14.163548,42.268087,166.1
14.163257,42.268175,164.0
14.162495,42.268513,157.6
14.162333,42.268643,156.9
14.162297,42.268709,156.2
14.162292,42.268854,155.6
14.162325,42.268985,155.0
14.162316,42.2691,154.4
14.162239,42.269163,153.9
14.162069,42.269229,153.6
14.161946,42.269242,153.6
14.16098,42.269136,155.1
14.160824,42.269064,155.3
14.160765,42.268933,155.4
14.160838,42.268572,157.1
14.160915,42.268273,158.7
14.160967,42.267968,160.2
14.160984,42.267828,160.7
14.160941,42.267713,162.1
14.160892,42.267627,163.6
14.160799,42.267611,165.3
14.160699,42.267639,167.1
14.160189,42.26802,176.9
14.159635,42.268327,186.2
14.159476,42.268366,188.0
14.159162,42.268388,192.5
14.158775,42.268311,200.0
14.158492,42.268279,203.4
14.158156,42.268286,206.5
14.157864,42.268305,209.3
14.157493,42.268384,213.7
14.157293,42.26849,216.4
14.157192,42.26866,218.9
14.15732,42.269464,225.0
14.15729,42.269605,225.3
14.1572,42.269731,225.6
14.157083,42.269845,225.8
14.156949,42.269934,226.0
14.156735,42.270008,227.4
14.156182,42.270155,232.5
14.155769,42.270315,236.8
14.15563,42.270319,238.3
14.155521,42.270264,239.8
14.155492,42.270181,241.3
14.155589,42.269846,245.7
14.15554,42.269783,247.2
14.15547,42.269733,248.6
14.155286,42.26973,250.0
14.154934,42.269933,254.6
14.154461,42.27013,256.2
14.154025,42.270389,257.3
14.153389,42.270887,258.8
14.153081,42.271023,259.1
14.152685,42.27108,259.2
14.152461,42.271561,259.0
14.152376,42.271858,258.7
14.152214,42.272426,254.8
14.152161,42.272688,252.7
14.15215,42.272879,250.4
14.152215,42.273298,245.4
14.152289,42.273561,243.0
14.152354,42.273736,240.6
14.153008,42.275141,220.9
14.15304,42.275252,219.3
14.153044,42.275352,217.8
14.15303,42.275475,216.1
14.152794,42.27638,201.4
14.152686,42.276507,200.1
14.152208,42.276816,193.9
14.152125,42.276927,192.7
14.152133,42.277011,191.5
14.152289,42.277297,187.7
14.152318,42.277452,186.5
14.1523,42.277745,183.3
14.152171,42.278443,174.5
14.15215,42.278777,170.7
14.152182,42.279142,165.5
14.152236,42.279356,162.4
14.152365,42.279529,159.3
14.153088,42.280089,148.1
14.153176,42.280214,147.1
14.15322,42.28038,146.1
14.153165,42.280616,144.0
14.152979,42.281043,140.4
14.152908,42.281155,139.6
14.152322,42.281611,134.6
14.152203,42.28173,133.8
14.152128,42.281849,133.0
14.152118,42.281968,132.2
14.152119,42.282324,129.4
14.152119,42.282354,128.3
14.152121,42.2826,126.5
14.152096,42.282849,125.0
14.152064,42.282976,124.3
14.151924,42.283047,123.9
14.151635,42.283095,123.1
14.151035,42.283172,122.0
14.151177,42.283403,122.6
14.151434,42.28384,126.1
14.151587,42.284111,129.0
14.151605,42.284186,129.9
14.151564,42.284271,130.9
14.151488,42.28436,131.6
14.151357,42.284374,132.4
14.151227,42.28438,133.2
14.151183,42.284382,133.9
14.151015,42.284128,136.1
14.150831,42.283846,137.5
14.150584,42.283467,138.5
14.150337,42.283245,139.0
14.150082,42.283098,139.2
14.149845,42.283076,139.3
14.149607,42.283134,139.3
14.149465,42.283211,139.5
14.149401,42.283266,140.5
14.14932,42.283338,141.6
14.149254,42.283425,142.6
14.149191,42.283603,144.7
14.149112,42.285298,166.0
14.149178,42.285554,167.5
14.149211,42.285902,169.4
14.149166,42.286171,171.1
14.149091,42.286352,171.9
14.14901,42.286455,172.3
14.148851,42.286554,172.6
14.148257,42.286845,174.2
14.14677,42.287469,182.6
14.145974,42.287618,188.2
14.145753,42.287639,189.0
14.1453,42.287624,191.6
14.144814,42.287635,194.5
14.144139,42.28756,200.2
14.143076,42.287401,210.7
14.142947,42.287372,212.6
14.142824,42.287305,214.2
14.142552,42.286899,220.9
14.142429,42.286832,222.0
14.142292,42.286719,223.0
14.142116,42.28667,224.0
14.141919,42.286732,224.8
14.141551,42.286884,227.1
14.140552,42.287364,232.9
14.139594,42.287871,242.8
14.139141,42.28819,250.7
14.138598,42.288512,258.6
14.138411,42.28858,260.0
14.137709,42.288671,265.7
14.13728,42.288807,269.4
14.13617,42.289143,278.8
14.135712,42.289214,281.3
14.135343,42.289215,283.7
14.135268,42.289217,285.2
14.135526,42.289454,289.5
14.135748,42.289779,293.4
14.135825,42.290023,295.4
14.135853,42.290112,296.4
14.136096,42.290927,304.9
14.136098,42.291019,305.2
14.136073,42.291124,305.4
14.136059,42.291164,305.5
14.136012,42.291375,305.7
14.136023,42.291391,305.8
14.136026,42.29141,305.9
14.136023,42.291428,306.0
14.136095,42.291646,306.4
14.136186,42.291776,306.6
14.136343,42.292079,307.4
14.136527,42.292439,308.4
14.136662,42.292751,309.1
14.137066,42.293618,311.0
14.137192,42.293968,310.9
14.137416,42.294743,310.7
14.137435,42.294907,310.6
14.137408,42.295064,310.4
14.137232,42.295454,309.6
14.13715,42.295556,309.8
14.137019,42.295661,310.2
14.136491,42.296008,312.4
14.136307,42.296104,312.9
14.136084,42.296194,314.0
14.134462,42.296739,320.7
14.134216,42.296822,320.3
14.134114,42.296864,320.1
14.134018,42.296943,319.8
14.134012,42.296968,319.4
14.134002,42.297003,319.0
14.133993,42.297039,318.6
14.134025,42.297129,318.2
14.134473,42.297555,315.9
14.134757,42.297788,314.8
14.134788,42.297884,314.4
14.134741,42.297967,314.0
14.134652,42.298004,313.6
14.134568,42.298007,313.3
14.134467,42.297981,313.1
14.13374,42.297699,312.2
14.133578,42.297664,312.2
14.133524,42.297652,312.3
14.133155,42.297676,312.3
14.132871,42.297658,312.3
14.131331,42.297401,312.4
14.130955,42.297343,310.8
14.130772,42.29729,310.0
14.130627,42.297215,309.1
14.129928,42.296755,303.7
14.129677,42.296589,302.0
14.129534,42.29652,300.9
14.129354,42.296479,299.8
14.128916,42.296419,295.4
14.128753,42.296397,293.7
14.127903,42.296267,286.2
14.127761,42.296254,285.2
14.127664,42.296216,284.2
14.126802,42.295891,276.0
14.125392,42.295516,265.2
14.125144,42.2955,263.6
14.124789,42.295527,262.5
14.124491,42.295586,262.3
14.123802,42.29576,263.5
14.122953,42.296083,268.3
14.121876,42.296258,274.3
14.121428,42.296324,275.0
14.121342,42.296322,275.1
14.121122,42.296276,275.0
14.119961,42.295699,271.3
14.119371,42.295451,269.1
14.119066,42.295348,268.1
14.118526,42.29525,266.6
14.118344,42.295245,266.3
14.117673,42.295294,264.7
14.11749,42.29529,264.4
14.117278,42.29525,264.2
14.11704,42.295139,263.7
14.116956,42.295058,263.4
14.116919,42.294981,263.2
14.116937,42.29485,263.0
14.117064,42.294471,262.5
14.117152,42.294342,262.4
14.117515,42.294102,261.6
14.11767,42.293963,261.1
14.117881,42.293711,259.6
14.118144,42.293294,256.2
14.11818,42.293185,255.3
14.118166,42.293003,253.8
14.118161,42.292986,252.5
14.118111,42.292837,251.2
14.118103,42.292814,249.9
14.117999,42.292532,246.1
14.117898,42.292395,244.9
14.11777,42.292349,243.6
14.117631,42.292371,242.4
14.11754,42.292453,241.3
14.117536,42.292558,240.2
14.117841,42.29296,236.2
14.117863,42.293041,235.4
14.117812,42.293114,234.8
14.117765,42.293137,234.1
14.11771,42.293148,233.4
14.117603,42.293127,233.2
14.11733,42.29284,232.6
14.117203,42.292749,232.3
14.116584,42.292432,231.2
14.116275,42.292233,229.6
14.116141,42.292108,228.6
14.11586,42.291898,225.4
14.114963,42.291358,214.8
14.114666,42.291199,211.2
14.113932,42.290865,207.9
14.113359,42.290598,208.6
14.113267,42.290558,208.8
14.112938,42.290462,209.4
14.112748,42.290412,209.6
14.112252,42.290282,210.4
14.11172,42.290181,210.4
14.111385,42.29013,210.1
14.111127,42.290126,209.7
14.111035,42.29014,209.5
14.110653,42.290251,208.9
14.110501,42.29031,208.7
14.110446,42.29034,208.5
14.110332,42.290443,208.1
14.110142,42.29066,207.2
14.110033,42.290787,206.8
14.109883,42.290941,205.9
14.109481,42.291268,204.3
14.109417,42.291323,203.9
14.109315,42.291411,203.7
14.109129,42.291695,203.2
14.109052,42.291816,203.3
14.108988,42.291917,203.5
14.108869,42.292066,203.8
14.108553,42.29232,205.0
14.108344,42.292428,206.5
14.10781,42.292649,210.7
14.107187,42.292875,215.9
14.106429,42.293157,220.1
14.106074,42.293311,220.7
14.105769,42.293507,220.6
14.105417,42.29378,219.5
14.105066,42.293965,217.9
14.10495,42.294023,216.5
14.104285,42.29435,209.1
14.103545,42.294733,203.6
14.103238,42.294876,202.8
14.102797,42.295088,201.1
14.102494,42.29526,201.4
14.102123,42.295517,201.2
14.101996,42.295612,201.0
14.101681,42.295897,200.1
14.101345,42.296119,198.7
14.10108,42.296294,197.3
14.100754,42.296554,195.9
14.100523,42.296818,194.9
14.100241,42.297082,194.1
14.100086,42.297201,193.8
14.099806,42.297371,193.6
14.099586,42.297477,193.8
14.099549,42.297494,194.0
14.099319,42.297572,194.6
14.099034,42.297605,195.5
14.098665,42.297611,196.8
14.098329,42.297611,197.5
14.098041,42.297619,198.2
14.097857,42.297655,198.5
14.097578,42.297737,198.8
14.097555,42.297743,197.5
14.096874,42.297961,187.8
14.096362,42.298395,177.0
14.095641,42.298741,163.8
14.094814,42.29923,161.2
14.094623,42.299301,160.9
14.094404,42.299334,160.6
14.093739,42.29935,159.0
14.092795,42.299342,157.4
14.092044,42.299356,156.3
14.091813,42.299377,156.1
14.091745,42.299383,156.0
14.091446,42.299449,155.7
14.090715,42.299756,153.5
14.090026,42.300067,149.7
14.089388,42.300265,145.9
14.089238,42.300363,145.1
14.089178,42.300439,144.1
14.089091,42.300568,143.2
14.089016,42.300724,142.4
14.088978,42.300881,141.6
14.088934,42.301278,139.6
14.088882,42.301435,139.2
14.088261,42.302839,140.9
14.088245,42.302948,141.2
14.088271,42.303059,141.5
14.088345,42.303149,141.7
14.088959,42.303547,142.9
14.089005,42.303619,143.1
14.089008,42.303732,143.2
14.088988,42.303777,143.4
14.088977,42.303792,143.5
14.088901,42.303846,143.6
14.088695,42.303906,143.7
14.088347,42.303943,143.8
14.088043,42.303975,142.7
14.087039,42.304136,136.1
14.086777,42.304141,134.4
14.086322,42.304097,131.9
14.086117,42.304047,131.2
14.083968,42.303273,133.7
14.08379,42.303238,134.0
14.083581,42.303228,134.4
14.08321,42.303283,135.1
14.08309,42.303308,134.9
14.082895,42.303349,134.6
14.082303,42.30346,132.7
14.081189,42.303674,127.5
14.08089,42.303724,125.9
14.080538,42.30373,124.2
14.079598,42.303542,121.4
14.078659,42.30336,119.0
14.076468,42.303103,113.0
14.075969,42.303046,111.2
14.075202,42.30296,107.9
14.074515,42.302817,104.7
14.073786,42.302643,101.1
14.073271,42.302611,99.0
14.072885,42.302722,97.7
14.07222,42.302992,95.3
14.071726,42.303119,93.8
14.071233,42.303182,92.3
14.070616,42.303149,90.3
14.069518,42.303123,88.0
14.069314,42.303157,87.8
14.06814,42.303628,84.2
14.067338,42.30394,81.4
14.066998,42.304003,80.6
14.066807,42.304015,80.3
14.066345,42.304045,79.5
14.065893,42.304103,78.9
14.065699,42.30414,78.8
14.065509,42.30423,78.7
14.065379,42.304346,78.6
14.065309,42.304464,78.5
14.065281,42.304586,78.5
14.065278,42.305084,78.6
14.065201,42.305242,78.7
14.065036,42.305389,78.9
14.064391,42.305867,82.3
14.063975,42.306205,83.0
14.063521,42.306555,81.4
14.063223,42.306782,80.2
14.062986,42.306961,79.2
14.062907,42.307021,78.5
14.062844,42.307069,77.7
14.06271,42.307171,76.9
14.06263,42.307232,76.0
14.062249,42.307521,73.1
14.062022,42.307707,72.8
14.061674,42.307994,72.6
14.061621,42.308036,72.5
14.061451,42.30796,72.5
14.060982,42.307747,72.3
14.060677,42.307593,72.1
14.060464,42.307487,72.0
14.060378,42.307442,72.0
14.060308,42.307407,72.0
14.059537,42.307021,71.2
14.059322,42.306919,70.8
14.058708,42.306631,69.8
14.058493,42.30653,69.4
14.058259,42.30642,69.0
14.058129,42.306352,68.6
14.057648,42.306116,67.1
14.057167,42.305882,66.1
14.056951,42.305775,65.8
14.055391,42.30504,64.4
14.054222,42.304484,64.1
14.054106,42.304428,64.1
14.053504,42.304128,63.7
14.053413,42.304083,63.6
14.053245,42.303999,63.5
14.053154,42.303954,63.4
14.052822,42.303798,63.3
14.052452,42.303625,63.1
14.051866,42.30334,62.6
14.051666,42.303243,62.4
14.050582,42.302734,61.6
14.050281,42.302592,61.4
14.049897,42.302412,61.1
14.049318,42.302142,61.1
14.049202,42.302087,61.2
14.048809,42.301882,61.7
14.048285,42.301622,63.0
14.047137,42.301071,64.4
14.046932,42.301046,64.4
14.046898,42.301047,64.3
14.046819,42.301055,64.2
14.045125,42.301367,62.4
14.044381,42.301504,62.7
14.043013,42.301783,63.9
14.042619,42.301863,64.3
14.042376,42.301913,64.6
14.041565,42.302078,65.3
14.041148,42.302163,65.2
14.039471,42.302505,63.4
14.039259,42.302549,63.3
14.038475,42.302714,63.0
14.03783,42.302843,63.0
14.035623,42.303286,65.4
14.034774,42.303459,67.8
14.034628,42.303462,68.2
14.034435,42.303437,68.6
14.034258,42.303389,69.1
14.034115,42.30333,69.5
14.033991,42.303251,69.9
14.033622,42.302952,71.6
14.033475,42.302858,72.0
14.033332,42.302797,72.4
14.03317,42.30275,72.8
14.033014,42.302723,73.2
14.032673,42.302725,73.8
14.032522,42.302752,74.1
14.032257,42.302838,74.6
14.032149,42.302899,74.9
14.03198,42.303026,75.1
14.03168,42.303271,75.7
14.031029,42.302595,77.0
14.030802,42.302397,77.3
14.030537,42.302183,77.7
14.030335,42.302012,77.7
14.030174,42.301847,77.5
14.03,42.301645,77.1
14.029646,42.30115,75.4
14.029541,42.301004,75.1
14.025497,42.295549,72.9
14.025228,42.295185,72.9
14.024975,42.29485,73.0
14.024657,42.294412,73.4
14.024325,42.293963,74.2
14.024023,42.293581,74.5
14.021314,42.289946,77.8
14.020334,42.289124,78.9
14.0202,42.288988,79.0
14.01997,42.28869,79.3
14.019802,42.28847,79.4
14.019658,42.288218,79.6
14.019534,42.287746,79.8
14.019505,42.287657,79.8
14.019474,42.287592,79.8
14.019083,42.287039,79.3
14.019068,42.287011,79.2
14.019056,42.286984,79.0
14.019021,42.286864,78.9
14.018998,42.286734,78.7
14.018988,42.286678,78.6
14.01895,42.286599,78.4
14.01888,42.286555,78.3
14.018292,42.286345,78.1
14.016911,42.285852,80.0
14.016695,42.285777,80.2
14.016648,42.285761,80.4
14.01651,42.285724,80.8
14.016178,42.285647,81.6
14.014912,42.285443,84.4
14.014531,42.285381,85.3
14.014382,42.285357,85.9
14.013505,42.285363,88.6
14.013342,42.285328,88.8
14.013202,42.285277,89.1
14.013096,42.285209,89.3
14.012862,42.284917,89.9
14.012562,42.284644,90.5
14.012503,42.284594,90.7
14.012469,42.284608,90.9
14.01243,42.284613,91.1
14.012357,42.284594,91.1
14.012331,42.284573,91.2
14.012241,42.284609,91.3
14.010174,42.285251,95.5
14.010006,42.285332,95.7
14.009884,42.285442,95.8
14.00906,42.286311,96.6
14.007733,42.287648,98.2
14.006915,42.288499,99.7
14.00674,42.28868,99.8
14.006228,42.2892,100.0
14.006035,42.289396,100.1
14.005783,42.289567,100.3
14.005329,42.289875,101.1
14.005295,42.289898,101.2
14.004676,42.29037,102.3
14.003804,42.29099,103.6
14.003654,42.29106,103.9
14.003513,42.291098,104.1
14.003368,42.291115,104.5
14.001861,42.291126,110.2
14.001691,42.29116,111.2
14.001517,42.291231,111.9
14.000939,42.291565,114.8
14.000424,42.291803,115.9
13.999308,42.292073,117.4
13.997656,42.292136,119.5
13.996797,42.292154,121.0
13.996089,42.292168,121.9
13.994866,42.292247,124.4
13.994368,42.292294,125.8
13.993974,42.292427,127.1
13.992034,42.293581,132.0
13.99176,42.293758,131.5
13.991451,42.293959,130.6
13.991367,42.294005,130.4
13.990423,42.294556,128.1
13.989694,42.294953,126.8
13.989359,42.295128,127.7
13.989235,42.295193,128.0
13.988503,42.295501,130.2
13.987806,42.295826,133.2
13.986818,42.296461,140.1
13.984919,42.297477,155.5
13.983635,42.298095,164.2
13.983052,42.298359,167.9
13.982813,42.298441,169.3
13.982503,42.298516,170.6
13.982203,42.298556,171.9
13.978163,42.298933,203.7
13.977191,42.299014,210.4
13.976969,42.299013,211.1
13.976752,42.298977,211.8
13.976551,42.298908,212.5
13.976374,42.298808,213.2
13.976231,42.298683,213.9
13.976127,42.298538,214.6
13.976079,42.298442,215.3
13.976059,42.298345,215.9
13.976062,42.298274,216.5
13.975974,42.298264,217.0
13.97581,42.298192,217.5
13.975427,42.298107,219.4
13.975316,42.298069,220.2
13.975221,42.298016,221.0
13.975142,42.297949,221.9
13.975084,42.29787,222.8
13.975049,42.297784,223.8
13.97504,42.297694,224.9
13.975043,42.297585,226.8
13.97492,42.297581,228.9
13.974249,42.297577,238.7
13.97416,42.297564,240.6
13.974037,42.297507,242.6
13.973731,42.297508,246.6
13.973383,42.297507,250.4
13.972276,42.297509,262.8
13.971322,42.297474,266.0
13.971047,42.29747,266.7
13.970393,42.297443,267.6
13.970186,42.297407,267.7
13.970009,42.297308,267.8
13.969669,42.297068,267.9
13.969565,42.297018,267.9
13.969534,42.297004,267.8
13.968566,42.296959,266.5
13.968132,42.296973,266.4
13.967972,42.296972,266.3
13.967663,42.296865,266.3
13.967563,42.296786,266.3
13.967507,42.296697,266.3
13.967442,42.29628,266.4
13.967268,42.296311,266.3
13.967064,42.296318,266.3
13.966888,42.296289,266.2
13.966182,42.295834,264.8
13.965935,42.295713,264.1
13.965234,42.295435,260.3
13.965094,42.295373,259.4
13.964118,42.294927,251.7
13.963375,42.294654,247.6
13.963164,42.294622,247.1
13.963004,42.294629,246.7
13.962844,42.294685,246.3
13.96255,42.294872,245.8
13.962152,42.295185,245.4
13.962021,42.295435,245.7
13.961968,42.295634,245.6
13.96189,42.295774,245.5
13.961804,42.295876,245.3
13.961678,42.295949,245.2
13.961558,42.295997,245.0
13.961388,42.296036,244.9
13.961012,42.296047,244.5
13.960748,42.296054,244.2
13.960464,42.296017,244.0
13.96028,42.295967,243.9
13.959567,42.295717,243.0
13.959481,42.295676,243.8
13.959294,42.295581,244.6
13.959086,42.295406,246.2
13.958884,42.295298,247.8
13.958708,42.295224,248.5
13.958468,42.295153,250.0
13.958108,42.295104,252.3
13.956357,42.294933,256.1
13.956047,42.294873,255.3
13.955651,42.294752,254.1
13.95524,42.294608,253.1
13.954709,42.294315,251.6
13.954334,42.294258,250.9
13.95415,42.294278,250.7
13.954047,42.294334,250.5
13.95399,42.294386,250.4
13.953878,42.294608,250.2
13.953798,42.29477,250.4
13.953758,42.294753,250.6
13.952351,42.294161,253.9
13.951592,42.293747,258.3
13.950947,42.293298,264.4
13.950821,42.293237,265.3
13.950429,42.293114,267.9
13.95032,42.293034,268.8
13.950036,42.292678,271.8
13.949829,42.292666,272.2
13.949316,42.29258,272.7
13.948638,42.292433,272.6
13.948226,42.292416,272.2
13.944951,42.292256,276.3
13.944134,42.292195,278.2
13.94374,42.292187,278.9
13.943568,42.29227,279.4
13.943399,42.292487,280.2
13.943337,42.292723,281.0
13.943281,42.293273,282.8
13.943195,42.293429,283.0
13.943101,42.293531,283.3
13.943013,42.2936,283.6
13.941771,42.294307,286.5
13.940519,42.294605,290.5
13.939837,42.294843,293.8
13.939454,42.294843,296.0
13.937914,42.294582,308.5
13.937305,42.294619,316.8
13.93691,42.294643,322.0
13.936458,42.294781,328.0
13.936177,42.294973,332.1
13.935522,42.296056,346.6
13.9353,42.296181,349.0
13.935012,42.296214,351.6
13.934727,42.296172,354.0
13.934052,42.296038,359.1
13.933562,42.295984,362.1
13.933025,42.295999,364.3
13.932481,42.295977,365.2
13.930421,42.29576,362.6
13.929186,42.295563,365.9
13.928558,42.295478,371.0
13.92792,42.295432,376.6
13.927663,42.29543,378.5
13.926939,42.295547,379.9
13.926751,42.295586,379.7
13.926596,42.295659,379.3
13.926183,42.295928,378.2
13.925342,42.296474,376.5
13.925026,42.296679,376.8
13.92433,42.297067,378.6
13.924087,42.297203,378.8
13.923833,42.297335,379.0
13.923667,42.297379,379.1
13.923602,42.297396,379.2
13.923387,42.297412,379.3
13.923095,42.297364,379.5
13.922524,42.29727,381.0
13.922246,42.297262,382.5
13.921154,42.297445,389.4
13.920735,42.297187,392.4
13.920418,42.297027,395.0
13.920007,42.296817,397.1
13.919799,42.296712,397.8
13.919173,42.296393,400.1
13.918922,42.296297,401.0
13.918647,42.296244,401.9
13.918275,42.296225,402.9
13.917399,42.296197,404.0
13.917133,42.296178,404.4
13.916814,42.296117,404.9
13.916592,42.296014,405.3
13.916522,42.295972,405.7
13.91644,42.295924,406.0
13.915644,42.295451,409.2
13.915461,42.295342,409.6
13.914852,42.294979,411.6
13.914545,42.294797,412.8
13.91432,42.294698,413.4
13.914109,42.294658,413.8
13.912947,42.294581,416.1
13.91273,42.294558,416.4
13.91238,42.29452,417.0
13.910288,42.293708,416.3
13.909169,42.293417,413.8
13.908947,42.293332,413.2
13.908797,42.293241,412.9
13.908564,42.293075,412.3
13.907787,42.292392,410.2
13.907696,42.292236,410.0
13.907669,42.292067,409.9
13.907683,42.292014,409.7
13.907763,42.291698,410.5
13.907744,42.291532,411.1
13.907655,42.29136,412.5
13.907459,42.291207,414.1
13.906365,42.290513,423.6
13.906239,42.29039,424.6
13.90616,42.290263,425.3
13.906138,42.290118,425.9
13.906137,42.290036,426.3
13.906119,42.289234,431.8
13.905871,42.288728,437.1
13.905884,42.288556,438.3
13.90596,42.288261,441.8
13.905987,42.288039,444.0
13.90599,42.287798,446.3
13.905841,42.287421,448.8
13.90546,42.287084,449.1
13.905077,42.286783,448.7
13.9049,42.286677,448.3
13.904496,42.28715,447.6
13.90419,42.287382,447.6
13.903824,42.287493,448.8
13.902189,42.287686,460.9
13.901724,42.28768,464.2
13.900187,42.287367,474.6
13.899936,42.287347,475.2
13.899693,42.287346,475.4
13.899539,42.287446,475.5
13.899545,42.287585,475.6
13.899668,42.287697,475.8
13.900606,42.288157,476.6
13.900988,42.28836,477.2
13.901117,42.2885,477.3
13.901076,42.28862,477.5
13.900949,42.288678,477.9
13.900778,42.288685,478.2
13.900519,42.288661,479.0
13.898864,42.288522,484.4
13.898598,42.2885,485.2
13.897972,42.288453,487.5
13.897288,42.288402,489.3
13.896995,42.28839,489.9
13.896719,42.288491,490.5
13.895571,42.289159,492.4
13.895504,42.289195,492.7
13.895147,42.289388,493.2
13.89466,42.289482,493.8
13.894317,42.289482,494.0
13.891706,42.289397,498.8
13.889724,42.289143,509.2
13.888904,42.289172,514.1
13.888354,42.289249,516.8
13.888018,42.289387,518.4
13.887797,42.289596,519.5
13.887563,42.289755,520.9
13.887384,42.289836,521.7
13.887168,42.289828,522.7
13.886983,42.289771,524.4
13.886914,42.289746,525.5
13.886629,42.28952,528.9
13.886358,42.28937,531.1
13.886191,42.289327,532.0
13.886042,42.289327,532.8
13.885847,42.289384,533.5
13.885527,42.289615,535.7
13.885378,42.289644,536.6
13.885168,42.289615,537.5
13.884775,42.289271,539.8
13.88385,42.288694,541.1
13.883506,42.288538,542.0
13.883296,42.288481,542.0
13.883143,42.288482,542.1
13.882981,42.288522,542.6
13.882723,42.288642,543.6
13.882534,42.288662,544.1
13.882351,42.288663,544.6
13.881945,42.288561,545.9
13.881594,42.288469,547.2
13.881061,42.288326,548.9
13.880797,42.288286,550.1
13.880398,42.288261,552.6
13.879966,42.288262,553.5
13.879676,42.288287,554.3
13.879329,42.288349,554.9
13.878903,42.288417,555.6
13.878338,42.288451,555.7
13.878054,42.288435,555.7
13.877754,42.288463,555.7
13.877523,42.288555,555.5
13.877183,42.288812,555.1
13.87698,42.288993,554.7
13.876818,42.289071,554.5
13.876606,42.289113,554.4
13.876237,42.2891,553.9
13.875469,42.289013,553.0
13.87522,42.288933,552.8
13.874837,42.288742,552.7
13.874624,42.288661,552.7
13.874438,42.288643,552.8
13.874232,42.288666,552.9
13.873626,42.288856,554.1
13.87343,42.288961,554.5
13.873298,42.289071,554.9
13.872852,42.289588,558.3
13.872647,42.289773,559.7
13.872441,42.289891,561.1
13.872331,42.289937,561.8
13.872221,42.28996,562.5
13.871821,42.289964,564.8
13.870059,42.289749,573.8
13.869667,42.289701,575.2
13.869419,42.289626,575.9
13.869178,42.289474,576.5
13.868822,42.289197,576.7
13.868462,42.288944,580.6
13.868143,42.288639,587.0
13.868025,42.288454,590.3
13.867956,42.288297,592.0
13.867793,42.288103,595.5
13.867475,42.287895,601.3
13.866694,42.287521,614.0
13.86627,42.28729,616.0
13.86607,42.287133,616.8
13.86597,42.28692,617.5
13.865957,42.286745,617.8
13.865659,42.286541,618.8
13.864065,42.286315,626.7
13.862557,42.286144,641.9
13.862311,42.28615,644.5
13.862135,42.286186,645.7
13.861731,42.286354,649.2
13.861541,42.286366,650.2
13.861417,42.286343,651.2
13.861301,42.286255,652.1
13.861236,42.28612,652.9
13.861124,42.285871,654.4
13.861061,42.285603,656.1
13.861136,42.285322,657.2
13.86125,42.285145,657.6
13.861407,42.284951,657.9
13.861483,42.284789,657.9
13.861456,42.284583,657.9
13.861344,42.284354,657.8
13.861178,42.284076,657.4
13.860966,42.283639,656.6
13.86093,42.283581,656.5
13.86082,42.283403,656.0
13.860686,42.283248,655.4
13.860484,42.283132,654.4
13.860281,42.283016,654.8
13.859649,42.282708,658.4
13.859447,42.282657,659.1
13.859188,42.282656,660.9
13.858897,42.282711,662.8
13.858755,42.282715,663.7
13.858576,42.282702,664.9
13.858052,42.282625,670.2
13.857772,42.282632,673.1
13.85755,42.282608,673.9
13.857449,42.282554,674.8
13.857383,42.282476,675.7
13.85739,42.282398,677.0
13.857417,42.282342,678.0
13.8575,42.282261,679.1
13.857643,42.282202,680.1
13.858014,42.282106,682.7
13.858292,42.282077,684.1
13.858459,42.282039,684.6
13.85867,42.281939,685.5
13.858896,42.281753,686.3
13.859568,42.281368,687.2
13.85977,42.281175,686.7
13.859906,42.280992,686.6
13.859994,42.280831,686.7
13.86001,42.280685,686.9
13.859906,42.280405,688.3
13.859909,42.280267,689.2
13.859951,42.280175,690.6
13.860127,42.280076,691.4
13.860612,42.27995,694.5
13.860781,42.279878,695.2
13.860862,42.279787,696.0
13.861086,42.27944,698.7
13.861367,42.279287,699.4
13.862108,42.278897,706.7
13.862226,42.278835,708.2
13.862485,42.278659,711.1
13.862679,42.278604,712.5
13.863126,42.278642,716.8
13.863262,42.278597,717.9
13.863314,42.278438,719.1
13.863409,42.278184,721.7
13.863487,42.27793,724.6
13.863598,42.27776,726.7
13.864439,42.277074,725.4
13.864691,42.276906,725.3
13.864811,42.276877,725.5
13.864925,42.276891,725.8
13.865027,42.276964,726.0
13.865331,42.277254,726.6
13.865476,42.277364,726.6
13.865621,42.277377,726.6
13.865749,42.277315,726.6
13.865798,42.277228,726.6
13.865796,42.277141,726.5
13.865502,42.276679,728.0
13.865218,42.27623,730.4
13.865136,42.276137,730.9
13.864984,42.276097,731.4
13.864616,42.276126,734.1
13.864404,42.276136,735.5
13.864303,42.276115,737.7
13.8641,42.276071,740.0
13.863898,42.276065,742.3
13.863707,42.276115,744.6
13.863413,42.27628,750.9
13.863041,42.276432,756.1
13.862818,42.276479,757.8
13.862716,42.276506,759.5
13.862606,42.276534,761.6
13.862288,42.276794,768.0
13.862132,42.276851,770.0
13.861716,42.276865,775.4
13.860204,42.276761,790.0
13.858472,42.27704,795.7
13.857771,42.277262,790.1
13.857616,42.277225,788.8
13.85736,42.2771,786.8
13.857157,42.277022,786.0
13.856971,42.277005,785.5
13.855989,42.276965,785.2
13.855292,42.277069,788.6
13.854885,42.277224,792.5
13.854391,42.277648,798.6
13.854162,42.27777,800.2
13.853085,42.277849,805.8
13.852873,42.277828,806.8
13.852712,42.277744,807.7
13.852403,42.277451,811.1
13.852226,42.277388,811.9
13.852055,42.277369,812.8
13.851467,42.277453,816.2
13.85124,42.277437,817.0
13.851031,42.2774,817.8
13.850674,42.277244,820.5
13.850457,42.27704,822.2
13.850102,42.276482,826.1
13.84991,42.276193,831.3
13.849847,42.276097,833.1
13.849707,42.275957,834.7
13.849428,42.275887,838.0
13.848604,42.275724,848.7
13.848221,42.275699,852.7
13.84726,42.275636,858.5
13.847052,42.275646,859.1
13.845975,42.276005,865.8
13.845809,42.276104,866.6
13.845264,42.276589,871.7
13.845034,42.277021,873.4
13.844952,42.277118,873.6
13.84482,42.27714,873.4
13.844712,42.277144,873.8
13.844198,42.276956,874.6
13.843681,42.276767,878.8
13.843469,42.276728,880.9
13.843307,42.276746,883.2
13.842933,42.276937,890.1
13.842624,42.27716,894.2
13.842397,42.277388,897.1
13.842271,42.278202,899.2
13.84211,42.278304,897.8
13.841897,42.278324,896.1
13.84061,42.278205,891.7
13.840387,42.27823,892.4
13.84004,42.278336,895.6
13.839652,42.278548,899.4
13.839311,42.278799,903.5
13.8391,42.278915,906.1
13.838793,42.279005,908.6
13.838371,42.279078,912.1
13.83818,42.279198,914.0
13.837927,42.279523,915.5
13.837749,42.279641,915.4
13.837062,42.279855,914.5
13.83685,42.279953,914.0
13.836739,42.280076,913.6
13.836687,42.28021,913.2
13.836672,42.280635,911.4
13.83668,42.281427,910.2
13.83668,42.28175,910.1
13.83665,42.282007,910.0
13.836585,42.282558,910.2
13.83661,42.282953,910.3
13.83665,42.283223,910.7
13.836713,42.283426,911.0
13.836724,42.283498,911.1
13.836732,42.283552,911.3
13.836693,42.283673,911.4
13.836593,42.2838,911.6
13.836534,42.283737,911.7
13.836395,42.28368,911.7
13.835935,42.283617,911.2
13.835699,42.283556,910.6
13.834727,42.283171,905.8
13.83432,42.283041,903.4
13.833873,42.283015,900.9
13.83328,42.283095,898.4
13.832876,42.283108,897.0
13.832469,42.283029,895.8
13.830385,42.282472,903.3
13.830005,42.282307,906.0
13.829645,42.282083,908.3
13.82939,42.282,909.5
13.829055,42.282042,910.5
13.828278,42.282416,912.5
13.827946,42.282549,912.4
13.827587,42.282605,911.8
13.826401,42.282717,910.0
13.825978,42.282701,909.9
13.825555,42.282666,910.5
13.825185,42.282584,911.9
13.824834,42.282435,914.2
13.824535,42.282227,917.0
13.823961,42.281712,923.4
13.823386,42.281274,926.9
13.823107,42.281144,927.4
13.822867,42.28113,927.5
13.822606,42.281197,927.4
13.822417,42.281333,927.1
13.822325,42.281513,926.9
13.822318,42.281554,926.5
13.822257,42.281917,925.1
13.821999,42.283182,921.2
13.821777,42.283868,920.1
13.821457,42.284616,920.0
13.821468,42.284773,920.2
13.82154,42.284911,920.4
13.821701,42.285089,921.0
13.821717,42.285259,921.5
13.821663,42.285456,922.6
13.821562,42.285612,923.1
13.821185,42.285948,925.8
13.820966,42.286229,927.9
13.820724,42.286974,931.5
13.820014,42.288886,899.1
13.818485,42.291152,867.2
13.818163,42.29156,867.1
13.817726,42.292079,869.8
13.816629,42.293272,871.9
13.816265,42.293736,867.4
13.815823,42.294482,860.5
13.815529,42.294977,857.7
13.815436,42.295093,857.4
13.815367,42.295145,857.1
13.815221,42.295255,856.5
13.81499,42.295386,855.3
13.814756,42.29549,854.0
13.814283,42.295751,851.0
13.813955,42.296072,847.7
13.813792,42.296347,845.2
13.813413,42.297406,839.1
13.813263,42.297733,838.3
13.81261,42.299033,843.7
13.811632,42.300393,839.6
13.811272,42.300821,831.1
13.810998,42.301002,827.0
13.810698,42.301097,824.8
13.810482,42.301111,823.3
13.81027,42.301087,821.9
13.810107,42.301046,820.6
13.809505,42.300844,815.6
13.809172,42.300753,814.4
13.808935,42.300726,813.8
13.808709,42.30074,813.1
13.808394,42.300796,811.7
13.8082,42.300859,811.0
13.807907,42.300939,808.5
13.807316,42.301142,802.6
13.807073,42.301256,801.1
13.806926,42.301394,800.4
13.806796,42.301585,799.2
13.806696,42.301884,797.7
13.806603,42.302286,796.5
13.806745,42.302708,797.4
13.806785,42.302944,798.4
13.806731,42.303051,798.8
13.806598,42.303137,799.2
13.806348,42.30312,799.8
13.805724,42.302955,800.0
13.805283,42.30275,799.2
13.804774,42.302419,796.4
13.804402,42.302313,794.0
13.803884,42.302254,790.7
13.803403,42.302278,788.1
13.802951,42.302423,784.9
13.802372,42.302793,781.9
13.800915,42.303868,765.1
13.800318,42.304361,751.8
13.799771,42.304916,739.5
13.799384,42.305398,731.1
13.79928,42.305721,730.4
13.799311,42.306035,731.8
13.799478,42.306383,735.6
13.799611,42.306511,736.9
13.799953,42.306698,742.2
13.80005,42.306805,744.0
13.800081,42.306933,745.6
13.800038,42.307051,747.0
13.799838,42.307206,749.6
13.799438,42.307444,751.9
13.798855,42.307685,749.2
13.797488,42.308101,736.0
13.797215,42.30826,734.7
13.797063,42.308459,733.8
13.796993,42.30868,733.0
13.797005,42.308982,732.1
13.796934,42.309174,731.6
13.796686,42.309332,731.2
13.795448,42.309412,727.6
13.794289,42.309381,717.1
13.793663,42.309384,710.9
13.792978,42.309464,708.3
13.792678,42.309592,708.6
13.792548,42.309816,710.0
13.792577,42.310325,716.1
13.792528,42.310486,717.8
13.792347,42.310606,721.0
13.792083,42.310636,723.9
13.791739,42.310535,727.5
13.791436,42.310479,729.1
13.790155,42.310465,724.2
13.789887,42.310553,721.1
13.789581,42.310813,715.1
13.789394,42.31105,707.8
13.789106,42.311567,694.6
13.788865,42.311785,688.9
13.788469,42.31205,681.0
13.788339,42.312117,680.4
13.788032,42.312301,680.6
13.787739,42.312411,682.2
13.786704,42.312578,690.2
13.786469,42.312622,691.6
13.786472,42.312537,692.4
13.786555,42.312479,693.2
13.787037,42.312372,695.4
13.78749,42.312229,691.9
13.78804,42.311876,685.3
13.788134,42.311777,683.9
13.788218,42.311632,682.4
13.788333,42.311301,677.0
13.788351,42.311168,675.6
13.788327,42.310896,670.8
13.788426,42.310074,655.3
13.78866,42.309597,645.6
13.788606,42.30955,643.8
13.788537,42.309554,642.2
13.788424,42.309606,640.8
13.788033,42.310064,637.5
13.787942,42.310202,637.5
13.787869,42.310389,638.1
13.787816,42.310696,639.8
13.787826,42.311025,642.7
13.787804,42.311055,643.9
13.787742,42.311061,645.0
13.787702,42.311001,646.1
13.787603,42.310603,648.6
13.787509,42.310313,649.3
13.787469,42.30994,648.0
13.787499,42.309629,644.5
13.787566,42.309439,641.5
13.787742,42.309228,638.1
13.788029,42.308976,633.2
13.788163,42.308901,631.8
13.788292,42.308856,630.8
13.788421,42.308832,630.0
13.789217,42.308859,626.1
13.789404,42.308879,625.8
13.789888,42.30901,626.8
13.789983,42.30902,627.5
13.790046,42.309,628.2
13.790077,42.308953,628.8
13.790096,42.308892,629.3
13.790093,42.308662,630.3
13.790045,42.308542,630.4
13.789853,42.308225,629.2
13.78962,42.307687,624.1
13.789596,42.307475,621.4
13.789751,42.307243,618.5
13.790063,42.307039,613.3
13.790553,42.306919,607.4
13.791498,42.306818,600.2
13.792616,42.306495,593.5
13.792861,42.306356,591.4
13.793424,42.305862,581.7
13.793818,42.30571,577.3
13.79424,42.305605,573.5
13.794577,42.305445,570.3
13.794654,42.30534,569.4
13.794665,42.305255,568.6
13.794622,42.30514,568.0
13.794467,42.304904,567.0
13.794467,42.304644,566.4
13.794579,42.304406,565.9
13.794711,42.304226,565.6
13.794724,42.304138,565.4
13.79466,42.304065,565.1
13.794531,42.303999,564.6
13.79418,42.303912,563.0
13.793818,42.303759,560.5
13.793499,42.303474,555.4
13.793292,42.30313,547.9
13.793193,42.302658,537.2
13.793185,42.302527,535.2
13.793416,42.302129,527.8
13.793531,42.301871,523.5
13.793934,42.301157,520.7
13.794566,42.300093,517.1
13.794821,42.299726,510.9
13.79499,42.299524,507.0
13.795159,42.299407,505.0
13.795196,42.299343,502.8
13.795186,42.299286,500.8
13.79514,42.299268,499.0
13.79503,42.299288,497.3
13.794483,42.299605,491.1
13.793539,42.300272,487.4
13.792577,42.301064,485.0
13.791951,42.301907,487.1
13.79157,42.302516,492.0
13.791538,42.302696,493.5
13.791551,42.302894,494.8
13.79153,42.302952,495.2
13.791435,42.303012,494.4
13.791438,42.302956,493.5
13.791371,42.302553,489.8
13.79139,42.302349,487.6
13.791654,42.301222,475.1
13.791834,42.300633,476.1
13.792153,42.300048,473.9
13.792369,42.29953,468.5
13.792533,42.298966,461.3
13.792879,42.298276,452.1
13.792941,42.297984,448.9
13.792935,42.297824,447.9
13.792729,42.297244,442.6
13.792699,42.297138,441.4
13.79267,42.297,440.2
13.792671,42.296864,439.1
13.792697,42.296731,438.0
13.793309,42.296045,430.7
13.793522,42.295919,429.6
13.794078,42.295757,427.5
13.794378,42.295495,426.7
13.794523,42.295153,426.1
13.794459,42.294838,425.2
13.794199,42.294487,423.3
13.793753,42.294056,419.5
13.793054,42.293699,415.2
13.792569,42.293136,408.8
13.792278,42.292798,405.2
13.792025,42.292448,402.3
13.792023,42.292403,401.7
13.792004,42.291981,399.3
13.791982,42.291075,396.0
13.791978,42.290915,395.8
13.791929,42.290239,393.9
13.791827,42.289588,392.5
13.791782,42.289287,391.8
13.791755,42.288991,391.0
13.791814,42.288089,388.9
13.791837,42.287972,388.7
13.791951,42.287657,388.2
13.791913,42.28758,388.1
13.791868,42.287487,387.8
13.791845,42.287101,386.2
13.791838,42.286985,385.6
13.792118,42.286976,384.9
13.793633,42.286918,382.1
13.793829,42.286904,382.2
13.793953,42.286874,382.6
13.794213,42.286713,384.0
13.794691,42.286315,388.2
13.794772,42.286247,388.8
13.794873,42.286164,389.5
13.794908,42.286102,390.2
13.794934,42.285835,391.5
13.794945,42.285688,392.1
13.794987,42.28553,392.7
13.795023,42.285504,393.3
13.795127,42.285426,393.6
13.795302,42.285158,394.2
13.795313,42.285086,394.1
13.795263,42.28488,393.4
13.795271,42.284826,392.8
13.795301,42.284751,392.2
13.79534,42.284704,391.6
13.795379,42.284665,391.0
13.795479,42.284584,390.6
13.795664,42.284535,390.2
13.795835,42.284604,389.8
13.795921,42.284669,389.5
13.79602,42.284701,389.2
13.796066,42.284679,389.1
13.796065,42.284789,389.4
13.796069,42.284921,389.7
13.796179,42.285202,391.3
13.796389,42.285472,393.7
